player_name,player_id,season,team,attempts,custom_rating,salary,salary_millions,salary_percentile,value_score,value_category,rating_per_million,total_pass_epa,cpoe,success_rate_pct,completion_pct,td_rate_pct,turnover_rate_pct,total_wpa,total_value,guaranteed,year_signed,contract_length
M.Jones,00-0036972,2025,49ers,312.0,81.3,3.5,3.5,2.9,78.4,Excellent Value,23.23,40.7,3.7,52.2,64.4,3.9,1.8,1.63,7.0,4.75,2025,2
B.Nix,00-0039732,2025,Broncos,512.0,80.6,4.653292,4.65,11.8,68.8,Excellent Value,17.32,54.5,-1.5,44.1,58.0,3.5,1.7,2.72,18.613166,18.613166,2024,4
S.Rattler,00-0039376,2025,Saints,287.0,68.3,1.08912,1.09,0.0,68.3,Excellent Value,62.71,-28.1,2.4,46.0,60.6,2.6,1.7,-1.13,4.35648,0.33648,2024,4
J.Dart,00-0040691,2025,Giants,277.0,73.1,4.244486,4.24,5.9,67.2,Excellent Value,17.22,15.1,-0.2,44.0,52.3,3.5,1.0,0.54,16.977942,16.977942,2025,4
D.Maye,00-0039851,2025,Patriots,475.0,89.7,9.159941,9.16,23.5,66.2,Excellent Value,9.79,130.3,9.6,52.8,58.1,4.5,1.2,3.24,36.639764,36.639764,2024,4
M.Penix,00-0039917,2025,Falcons,303.0,73.5,5.720659,5.72,14.7,58.8,Excellent Value,12.85,10.5,-3.6,46.2,54.8,2.9,1.0,0.83,22.882636,22.882636,2024,4
J.Flacco,00-0026158,2025,CIN/CLE,429.0,64.9,4.25,4.25,8.8,56.1,Excellent Value,15.27,-44.1,-2.9,41.0,57.6,3.4,2.3,-1.11,4.25,3.0,2025,1
J.Brissett,00-0033119,2025,Cardinals,395.0,72.8,6.25,6.25,17.6,55.2,Excellent Value,11.65,6.7,2.9,47.3,58.0,3.7,1.2,-0.87,12.5,6.5,2025,2
C.Stroud,00-0039163,2025,Texans,353.0,74.9,9.069811,9.07,20.6,54.3,Excellent Value,8.26,37.0,0.6,45.6,56.1,3.3,1.6,0.43,36.279244,36.279244,2023,4
C.Williams,00-0039918,2025,Bears,487.0,75.6,9.871515,9.87,32.4,43.2,Excellent Value,7.66,39.8,-4.5,43.9,51.1,3.7,1.2,1.23,39.486058,39.486058,2024,4
J.Daniels,00-0039910,2025,Commanders,242.0,69.5,9.436663,9.44,26.5,43.0,Excellent Value,7.36,4.7,-2.7,46.3,47.1,3.0,1.1,0.19,37.74665,37.74665,2024,4
D.Jones,00-0035710,2025,Colts,431.0,82.7,14.0,14.0,41.2,41.5,Excellent Value,5.91,65.1,2.3,50.3,60.6,4.2,1.8,1.55,14.0,13.15,2025,1
B.Young,00-0039150,2025,Panthers,407.0,69.7,9.488769,9.49,29.4,40.3,Excellent Value,7.35,-9.0,-0.3,45.0,56.5,4.3,2.1,0.41,37.955074,37.955074,2023,4
A.Rodgers,00-0023459,2025,Steelers,374.0,71.0,13.65,13.65,38.2,32.8,Excellent Value,5.2,4.3,0.2,42.5,60.2,5.2,1.8,-0.18,13.65,10.0,2025,1
S.Darnold,00-0034869,2025,Seahawks,377.0,84.2,33.5,33.5,52.9,31.3,Excellent Value,2.51,74.1,6.3,53.3,63.9,5.7,2.8,1.27,100.5,37.5,2025,3
M.Stafford,00-0026498,2025,Rams,450.0,86.6,40.0,40.0,61.8,24.8,Excellent Value,2.17,93.4,3.0,53.1,64.0,7.4,0.8,3.04,160.0,63.0,2022,4
M.Stafford,00-0026498,2025,Rams,450.0,86.6,40.0,40.0,61.8,24.8,Excellent Value,2.17,93.4,3.0,53.1,64.0,7.4,0.8,3.04,80.0,40.0,2025,2
J.Fields,00-0036945,2025,Jets,261.0,68.2,20.0,20.0,44.1,24.1,Excellent Value,3.41,-12.1,-1.9,42.9,49.0,2.3,0.3,-1.24,40.0,30.0,2025,2
B.Mayfield,00-0034855,2025,Buccaneers,477.0,73.2,33.333333,33.33,50.0,23.2,Excellent Value,2.2,12.9,-4.1,42.8,53.9,4.1,1.2,0.8,100.0,40.0,2024,3
C.Ward,00-0040676,2025,Titans,505.0,56.4,12.209901,12.21,35.3,21.1,Excellent Value,4.62,-107.3,-4.3,37.6,51.5,1.7,1.4,-1.82,48.839604,48.839604,2025,4
D.Jones,00-0035710,2025,Giants,431.0,82.7,40.0,40.0,61.8,20.9,Excellent Value,2.07,65.1,2.3,50.3,60.6,4.2,1.8,1.55,160.0,81.0,2023,4
J.Allen,00-0034857,2025,Bills,455.0,86.5,43.0,43.0,70.6,15.9,Good Value,2.01,98.8,3.6,50.1,58.2,4.4,2.0,2.21,258.0,100.0,2021,6
G.Smith,00-0030565,2025,SEA/LV,463.0,62.7,25.0,25.0,47.1,15.6,Good Value,2.51,-63.6,-0.0,42.8,57.5,3.3,2.9,-1.87,75.0,27.3,2023,3
A.Rodgers,00-0023459,2025,Jets,374.0,71.0,37.5,37.5,55.9,15.1,Good Value,1.89,4.3,0.2,42.5,60.2,5.2,1.8,-0.18,112.5,75.0,2023,3
P.Mahomes,00-0033873,2025,Chiefs,554.0,83.5,45.0,45.0,73.5,10.0,Fair Value,1.86,100.4,0.7,50.2,54.0,3.9,1.8,1.92,450.0,63.081905,2020,10
G.Smith,00-0030565,2025,Raiders,463.0,62.7,37.5,37.5,55.9,6.8,Fair Value,1.67,-63.6,-0.0,42.8,57.5,3.3,2.9,-1.87,75.0,58.5,2025,2
J.Hurts,00-0036389,2025,Eagles,399.0,78.8,51.0,51.0,76.5,2.3,Fair Value,1.55,36.5,4.3,43.6,56.6,4.2,0.4,1.06,255.0,110.0,2023,5
J.Love,00-0036264,2025,Packers,425.0,92.3,55.0,55.0,91.2,1.1,Fair Value,1.68,120.7,5.7,51.1,60.9,4.9,0.9,4.62,220.0,100.8,2024,4
J.Goff,00-0033106,2025,Lions,442.0,82.9,53.0,53.0,85.3,-2.4,Fair Value,1.56,81.4,3.7,50.0,65.4,5.8,1.1,1.68,212.0,113.611832,2024,4
J.Allen,00-0034857,2025,Bills,455.0,86.5,55.0,55.0,91.2,-4.7,Fair Value,1.57,98.8,3.6,50.1,58.2,4.4,2.0,2.21,330.0,147.0,2025,6
J.Herbert,00-0036355,2025,Chargers,466.0,76.9,52.5,52.5,82.4,-5.5,Fair Value,1.46,26.8,1.1,47.6,56.9,4.3,2.0,0.91,262.5,133.738375,2023,5
L.Jackson,00-0034796,2025,Ravens,319.0,69.1,52.0,52.0,79.4,-10.3,Overpaid,1.33,6.0,1.2,46.1,52.0,4.6,1.4,0.2,260.0,135.0,2023,5
D.Prescott,00-0033077,2025,Cowboys,527.0,85.9,60.0,60.0,100.0,-14.1,Overpaid,1.43,87.5,3.7,49.0,63.4,4.7,1.8,4.14,240.0,129.0,2024,4
T.Tagovailoa,00-0036212,2025,Dolphins,391.0,71.5,53.1,53.1,88.2,-16.7,Overpaid,1.35,5.4,1.0,44.0,60.9,4.5,3.5,0.04,212.4,93.171,2024,4
T.Lawrence,00-0036971,2025,Jaguars,487.0,70.1,55.0,55.0,91.2,-21.1,Severely Overpaid,1.27,-4.2,-4.6,45.4,52.0,3.5,2.1,0.7,275.0,142.0,2024,5
B.Purdy,00-0037834,2024,49ers,526.0,82.7,0.934253,0.93,2.2,80.5,Excellent Value,88.52,96.8,2.1,50.6,57.0,3.6,2.2,2.06,3.737012,0.077012,2022,4
D.Jones,00-0035710,2024,Vikings,386.0,69.5,0.3834,0.38,0.0,69.5,Excellent Value,181.27,-32.7,1.5,42.5,56.0,1.8,1.6,-0.35,0.3834,0.0,2024,1
A.O'Connell,00-0038579,2024,Raiders,257.0,72.4,1.087345,1.09,4.4,68.0,Excellent Value,66.58,5.1,-3.6,44.7,59.9,2.9,1.5,-0.37,4.34938,0.50938,2023,4
R.Wilson,00-0029263,2024,Steelers,423.0,73.2,1.21,1.21,11.1,62.1,Excellent Value,60.5,9.0,5.1,42.3,55.3,4.0,1.1,-0.55,1.21,1.21,2024,1
D.Jones,00-0035710,2024,Vikings,386.0,69.5,1.125,1.13,8.9,60.6,Excellent Value,61.78,-32.7,1.5,42.5,56.0,1.8,1.6,-0.35,1.125,0.0,2024,1
M.Rudolph,00-0034771,2024,Titans,250.0,72.3,2.87,2.87,17.8,54.5,Excellent Value,25.19,4.0,0.2,48.4,58.4,3.4,3.4,0.29,2.87,2.7,2024,1
S.Rattler,00-0039376,2024,Saints,264.0,59.6,1.08912,1.09,6.7,52.9,Excellent Value,54.72,-73.9,-9.1,37.9,49.2,1.5,1.9,-0.96,4.35648,0.33648,2024,4
M.Jones,00-0036972,2024,NE/JAX,293.0,72.5,3.896585,3.9,20.0,52.5,Excellent Value,18.61,-2.0,-0.5,42.0,58.4,2.6,2.6,0.08,15.58634,15.58634,2021,4
B.Nix,00-0039732,2024,Broncos,668.0,78.8,4.653292,4.65,26.7,52.1,Excellent Value,16.93,32.7,0.4,43.6,58.2,4.2,1.7,0.76,18.613166,18.613166,2024,4
J.Daniels,00-0039910,2024,Commanders,734.0,88.1,9.436663,9.44,37.8,50.3,Excellent Value,9.34,132.4,3.3,48.8,55.3,3.6,1.2,4.65,37.74665,37.74665,2024,4
C.Rush,00-0033662,2024,Cowboys,325.0,65.5,2.5,2.5,15.6,49.9,Excellent Value,26.2,-33.8,-8.1,40.6,57.5,3.5,1.4,-0.61,5.0,2.75,2023,2
W.Levis,00-0039152,2024,Titans,364.0,60.7,2.385541,2.39,13.3,47.4,Excellent Value,25.44,-59.5,-0.4,36.8,52.2,3.3,3.1,-3.21,9.542162,8.730957,2023,4
J.Flacco,00-0026158,2024,Colts,270.0,71.8,4.5,4.5,24.4,47.4,Excellent Value,15.96,3.1,1.1,45.9,60.0,4.3,2.5,-0.53,4.5,4.5,2024,1
J.Winston,00-0031503,2024,Browns,334.0,69.3,4.0,4.0,22.2,47.1,Excellent Value,17.32,-22.6,-1.8,42.5,54.2,3.7,3.4,-0.16,4.0,4.0,2024,1
C.Stroud,00-0039163,2024,Texans,700.0,72.1,9.069811,9.07,31.1,41.0,Excellent Value,7.95,-3.0,-1.2,42.7,53.9,2.9,1.8,0.63,36.279244,36.279244,2023,4
D.Maye,00-0039851,2024,Patriots,419.0,73.4,9.159941,9.16,33.3,40.1,Excellent Value,8.01,2.4,2.8,48.2,53.7,3.5,2.3,0.0,36.639764,36.639764,2024,4
B.Mayfield,00-0034855,2024,Buccaneers,677.0,87.9,33.333333,33.33,51.1,36.8,Excellent Value,2.64,139.2,4.1,52.6,62.3,6.2,2.3,2.79,100.0,40.0,2024,3
T.Lawrence,00-0036971,2024,Jaguars,318.0,71.3,9.198372,9.2,35.6,35.7,Excellent Value,7.75,3.0,-1.0,43.7,54.1,3.3,2.1,-0.27,36.793486,36.793486,2021,4
A.Richardson,00-0039164,2024,Colts,298.0,64.5,8.498508,8.5,28.9,35.6,Excellent Value,7.59,-35.0,-10.9,36.6,42.3,2.2,3.3,0.28,33.99403,33.99403,2023,4
S.Darnold,00-0034869,2024,Vikings,672.0,78.7,10.0,10.0,44.4,34.3,Excellent Value,7.87,24.9,3.2,48.5,57.4,5.0,1.8,2.56,10.0,8.75,2024,1
B.Young,00-0039150,2024,Panthers,451.0,71.9,9.488769,9.49,40.0,31.9,Excellent Value,7.58,-12.3,0.7,40.6,51.9,3.3,2.0,0.44,37.955074,37.955074,2023,4
G.Smith,00-0030565,2024,SEA/LV,653.0,75.9,25.0,25.0,48.9,27.0,Excellent Value,3.04,21.1,5.6,47.2,62.3,3.1,2.2,1.1,75.0,27.3,2023,3
D.Carr,00-0031280,2024,Saints,298.0,79.9,37.5,37.5,53.3,26.6,Excellent Value,2.13,41.0,3.3,43.6,63.4,4.9,1.6,1.01,150.0,60.0,2023,4
C.Williams,00-0039918,2024,Bears,686.0,68.6,9.871515,9.87,42.2,26.4,Excellent Value,6.95,-33.9,-0.1,40.4,51.2,2.8,0.8,-1.56,39.486058,39.486058,2024,4
J.Allen,00-0034857,2024,Bills,635.0,92.9,43.0,43.0,66.7,26.2,Excellent Value,2.16,188.5,2.0,49.8,57.5,4.5,0.8,4.76,258.0,100.0,2021,6
A.Rodgers,00-0023459,2024,Jets,643.0,73.0,37.5,37.5,53.3,19.7,Good Value,1.95,4.4,-2.6,43.4,57.2,4.3,1.7,-0.1,112.5,75.0,2023,3
M.Stafford,00-0026498,2024,Rams,628.0,77.3,40.0,40.0,57.8,19.5,Good Value,1.93,45.8,-0.8,48.1,61.3,3.6,1.2,1.46,160.0,63.0,2022,4
G.Minshew,00-0035289,2024,Raiders,344.0,66.0,12.5,12.5,46.7,19.3,Good Value,5.28,-41.3,0.5,45.1,59.0,2.6,2.8,-1.36,25.0,15.0,2024,2
P.Mahomes,00-0033873,2024,Chiefs,764.0,86.5,45.0,45.0,68.9,17.6,Good Value,1.92,109.2,2.3,50.0,58.5,3.9,1.6,4.59,450.0,63.081905,2020,10
D.Carr,00-0031280,2024,Raiders,298.0,79.9,40.47416,40.47,64.4,15.5,Good Value,1.97,41.0,3.3,43.6,63.4,4.9,1.6,1.01,121.422481,24.9,2022,3
D.Jones,00-0035710,2024,Giants,386.0,69.5,40.0,40.0,57.8,11.7,Good Value,1.74,-32.7,1.5,42.5,56.0,1.8,1.6,-0.35,160.0,81.0,2023,4
L.Jackson,00-0034796,2024,Ravens,597.0,95.7,52.0,52.0,84.4,11.3,Good Value,1.84,203.6,5.1,52.6,58.6,6.4,0.7,3.27,260.0,135.0,2023,5
D.Prescott,00-0033077,2024,Cowboys,313.0,69.0,40.0,40.0,57.8,11.2,Good Value,1.73,-17.1,-0.9,41.9,59.1,3.4,2.5,1.23,160.0,95.0,2021,4
K.Cousins,00-0029604,2024,Falcons,481.0,74.6,45.0,45.0,68.9,5.7,Fair Value,1.66,16.2,1.0,48.0,63.0,3.6,3.2,0.79,180.0,90.0,2024,4
K.Murray,00-0035228,2024,Cardinals,611.0,81.2,46.1,46.1,75.6,5.6,Fair Value,1.76,67.9,2.1,49.9,60.9,3.2,1.7,0.31,230.5,103.3,2022,5
J.Hurts,00-0036389,2024,Eagles,552.0,85.9,51.0,51.0,82.2,3.7,Fair Value,1.68,105.2,7.7,49.1,56.7,3.3,0.9,3.18,255.0,110.0,2023,5
J.Goff,00-0033106,2024,Lions,622.0,89.0,53.0,53.0,88.9,0.1,Fair Value,1.68,160.3,5.0,54.5,66.4,5.9,2.3,3.15,212.0,113.611832,2024,4
J.Burrow,00-0036442,2024,Bengals,723.0,89.7,55.0,55.0,93.3,-3.6,Fair Value,1.63,119.4,6.8,51.7,63.6,5.8,1.2,4.88,275.0,146.51,2023,5
R.Wilson,00-0029263,2024,Broncos,423.0,73.2,49.0,49.0,77.8,-4.6,Fair Value,1.49,9.0,5.1,42.3,55.3,4.0,1.1,-0.55,245.0,124.0,2022,5
T.Tagovailoa,00-0036212,2024,Dolphins,428.0,85.9,53.1,53.1,91.1,-5.2,Fair Value,1.62,94.6,3.8,53.5,68.0,4.3,1.6,2.35,212.4,93.171,2024,4
A.Rodgers,00-0023459,2024,NYJ/GB,643.0,73.0,50.271667,50.27,80.0,-7.0,Fair Value,1.45,4.4,-2.6,43.4,57.2,4.3,1.7,-0.1,150.815,101.415,2022,3
J.Herbert,00-0036355,2024,Chargers,612.0,78.5,52.5,52.5,86.7,-8.2,Fair Value,1.5,54.5,0.5,44.9,56.5,3.7,1.1,2.13,262.5,133.738375,2023,5
D.Watson,00-0033537,2024,Browns,271.0,61.4,46.0,46.0,73.3,-11.9,Overpaid,1.33,-56.0,-2.2,34.7,50.6,1.8,1.1,-1.2,230.0,230.0,2022,5
J.Love,00-0036264,2024,Packers,490.0,78.5,55.0,55.0,93.3,-14.8,Overpaid,1.43,57.3,0.2,47.8,58.8,5.0,2.8,1.08,220.0,100.8,2024,4
T.Lawrence,00-0036971,2024,Jaguars,318.0,71.3,55.0,55.0,93.3,-22.0,Severely Overpaid,1.3,3.0,-1.0,43.7,54.1,3.3,2.1,-0.27,275.0,142.0,2024,5
D.Prescott,00-0033077,2024,Cowboys,313.0,69.0,60.0,60.0,100.0,-31.0,Severely Overpaid,1.15,-17.1,-0.9,41.9,59.1,3.4,2.5,1.23,240.0,129.0,2024,4
B.Purdy,00-0037834,2023,49ers,604.0,92.1,0.934253,0.93,20.4,71.7,Excellent Value,98.58,176.6,3.9,52.8,61.9,5.4,1.9,3.97,3.737012,0.077012,2022,4
J.Browning,00-0035100,2023,Bengals,284.0,80.1,0.75,0.75,14.3,65.8,Excellent Value,106.8,33.9,3.9,47.9,60.2,4.1,2.4,1.34,0.75,0.0,2023,1
T.DeVito,00-0038476,2023,Giants,237.0,62.6,0.216,0.22,0.0,62.6,Excellent Value,289.81,-52.2,-2.9,33.3,48.1,3.2,1.2,-1.02,0.216,0.0,2023,1
J.Flacco,00-0026158,2023,Browns,265.0,70.6,0.3708,0.37,10.2,60.4,Excellent Value,190.4,-27.5,-1.4,42.3,59.2,5.1,3.6,0.17,0.3708,0.0,2023,1
J.Flacco,00-0026158,2023,Browns,265.0,70.6,0.3708,0.37,10.2,60.4,Excellent Value,190.4,-27.5,-1.4,42.3,59.2,5.1,3.6,0.17,0.3708,0.0,2023,1
B.Zappe,00-0038108,2023,Patriots,246.0,59.4,0.216,0.22,0.0,59.4,Excellent Value,275.0,-80.3,-4.4,33.7,51.6,2.4,3.6,-1.94,0.216,0.0,2023,1
T.DeVito,00-0038476,2023,Giants,237.0,62.6,0.245667,0.25,4.1,58.5,Excellent Value,254.82,-52.2,-2.9,33.3,48.1,3.2,1.2,-1.02,0.245667,0.0,2023,1
T.DeVito,00-0038476,2023,Giants,237.0,62.6,0.275334,0.28,6.1,56.5,Excellent Value,227.36,-52.2,-2.9,33.3,48.1,3.2,1.2,-1.02,0.275334,0.0,2023,1
T.DeVito,00-0038476,2023,Giants,237.0,62.6,0.305001,0.31,8.2,54.4,Excellent Value,205.25,-52.2,-2.9,33.3,48.1,3.2,1.2,-1.02,0.305001,0.0,2023,1
J.Hurts,00-0036389,2023,Eagles,662.0,82.9,1.506294,1.51,32.7,50.2,Excellent Value,55.04,56.2,4.1,45.8,56.9,3.1,1.9,1.99,6.025176,3.435816,2020,4
T.DeVito,00-0038476,2023,Giants,237.0,62.6,0.8325,0.83,16.3,46.3,Excellent Value,75.2,-52.2,-2.9,33.3,48.1,3.2,1.2,-1.02,1.665,0.0,2023,2
T.DeVito,00-0038476,2023,Giants,237.0,62.6,0.901667,0.9,18.4,44.2,Excellent Value,69.43,-52.2,-2.9,33.3,48.1,3.2,1.2,-1.02,2.705,0.02,2023,3
S.Howell,00-0037077,2023,SEA/MIN/WAS/PHI,711.0,68.2,1.0054,1.01,24.5,43.7,Excellent Value,67.83,-94.3,-0.4,41.5,54.6,2.9,2.9,-1.05,4.0216,0.3616,2022,4
J.Love,00-0036264,2023,Packers,690.0,85.2,3.095868,3.1,42.9,42.3,Excellent Value,27.52,107.1,1.4,46.7,59.3,5.1,1.8,1.98,12.38347,12.38347,2020,4
D.Ridder,00-0038122,2023,ATL/ARI,439.0,72.0,1.340741,1.34,30.6,41.4,Excellent Value,53.7,-29.2,-1.3,46.7,56.7,2.5,2.5,-0.21,5.362962,1.080336,2022,4
A.O'Connell,00-0038579,2023,Raiders,367.0,67.0,1.087345,1.09,28.6,38.4,Excellent Value,61.62,-22.1,-3.9,41.7,58.0,3.1,1.8,-1.51,4.34938,0.50938,2023,4
B.Zappe,00-0038108,2023,Patriots,246.0,59.4,0.985,0.98,22.4,37.0,Excellent Value,60.3,-80.3,-4.4,33.7,51.6,2.4,3.6,-1.94,2.955,0.0,2023,3
J.Dobbs,00-0033949,2023,CLE/ARI,484.0,68.3,2.0,2.0,34.7,33.6,Excellent Value,34.15,-55.8,-1.8,40.7,54.1,2.5,1.9,-2.0,2.0,2.0,2023,1
J.Dobbs,00-0033949,2023,Vikings,484.0,68.3,2.0,2.0,34.7,33.6,Excellent Value,34.15,-55.8,-1.8,40.7,54.1,2.5,1.9,-2.0,2.0,2.0,2023,1
B.Zappe,00-0038108,2023,Patriots,246.0,59.4,1.076768,1.08,26.5,32.9,Excellent Value,55.17,-80.3,-4.4,33.7,51.6,2.4,3.6,-1.94,4.307072,0.647072,2022,4
J.Flacco,00-0026158,2023,Browns,265.0,70.6,2.2,2.2,38.8,31.8,Excellent Value,32.09,-27.5,-1.4,42.3,59.2,5.1,3.6,0.17,2.2,0.4,2023,1
W.Levis,00-0039152,2023,Titans,291.0,69.4,2.385541,2.39,40.8,28.6,Excellent Value,29.09,-5.5,-0.4,40.9,51.2,2.6,1.3,-0.64,9.542162,8.730957,2023,4
B.Mayfield,00-0034855,2023,Buccaneers,729.0,79.5,4.0,4.0,51.0,28.5,Excellent Value,19.88,63.9,-0.2,44.9,56.5,4.5,1.6,1.92,4.0,4.0,2023,1
G.Minshew,00-0035289,2023,Colts,548.0,70.8,3.5,3.5,44.9,25.9,Excellent Value,20.23,-0.6,-3.3,42.3,55.7,2.7,1.6,0.78,3.5,3.5,2023,1
T.Tagovailoa,00-0036212,2023,Dolphins,649.0,82.0,7.568859,7.57,57.1,24.9,Excellent Value,10.83,93.1,3.1,48.4,62.9,4.5,2.2,1.95,30.275436,30.275436,2020,4
J.Herbert,00-0036355,2023,Chargers,517.0,78.5,6.644689,6.64,55.1,23.4,Excellent Value,11.81,26.6,-0.3,46.0,57.4,3.7,1.3,1.44,26.578754,26.578754,2020,4
K.Pickett,00-0038102,2023,CLE/PIT/PHI/LV,361.0,69.8,3.516976,3.52,46.9,22.9,Excellent Value,19.85,-42.8,-2.1,40.7,55.7,1.5,1.0,-0.54,14.067904,14.067904,2022,4
J.Fields,00-0036945,2023,PIT/CHI,459.0,72.1,4.717988,4.72,53.1,19.0,Good Value,15.28,-18.2,0.8,39.9,49.5,3.0,1.7,-0.13,18.871952,18.871952,2021,4
C.Stroud,00-0039163,2023,Texans,613.0,81.2,9.069811,9.07,63.3,17.9,Good Value,8.95,69.5,0.1,46.2,57.7,4.1,0.8,3.24,36.279244,36.279244,2023,4
M.Jones,00-0036972,2023,NE/JAX,380.0,66.6,3.896585,3.9,49.0,17.6,Good Value,17.09,-65.2,-2.9,42.6,58.9,2.5,3.0,-1.75,15.58634,15.58634,2021,4
J.Love,00-0036264,2023,Packers,690.0,85.2,13.5,13.5,69.4,15.8,Good Value,6.31,107.1,1.4,46.7,59.3,5.1,1.8,1.98,13.5,13.0,2023,1
J.Burrow,00-0036442,2023,Bengals,402.0,76.8,9.047534,9.05,61.2,15.6,Good Value,8.49,3.5,1.2,47.3,60.7,3.6,1.4,0.72,36.190136,36.190136,2020,4
D.Prescott,00-0033077,2023,Cowboys,728.0,90.1,40.0,40.0,79.6,10.5,Good Value,2.25,137.3,3.8,51.0,62.0,5.1,1.5,3.27,160.0,95.0,2021,4
T.Lawrence,00-0036971,2023,Jaguars,643.0,74.8,9.198372,9.2,65.3,9.5,Fair Value,8.13,-6.5,0.9,46.7,57.5,3.1,2.1,0.35,36.793486,36.793486,2021,4
G.Smith,00-0030565,2023,SEA/LV,548.0,80.5,25.0,25.0,71.4,9.1,Fair Value,3.22,42.3,2.4,48.4,58.9,3.5,1.6,2.3,75.0,27.3,2023,3
L.Jackson,00-0034796,2023,Ravens,636.0,81.9,32.416,32.42,75.5,6.4,Fair Value,2.53,57.2,3.2,48.7,53.9,3.7,1.1,1.74,32.416,0.0,2023,1
J.Allen,00-0034857,2023,Bills,732.0,91.5,43.0,43.0,85.7,5.8,Fair Value,2.13,127.6,4.5,50.7,59.0,4.1,2.2,4.75,258.0,100.0,2021,6
D.Carr,00-0031280,2023,Saints,590.0,78.3,37.5,37.5,77.6,0.7,Fair Value,2.09,30.1,3.0,45.8,63.6,4.1,1.3,0.56,150.0,60.0,2023,4
Z.Wilson,00-0037013,2023,DEN/NYJ,438.0,59.4,8.787695,8.79,59.2,0.2,Fair Value,6.76,-108.6,-3.1,37.4,50.5,1.8,1.6,-2.56,35.15068,35.15068,2021,4
M.Stafford,00-0026498,2023,Rams,603.0,79.6,40.0,40.0,79.6,0.0,Fair Value,1.99,70.8,-1.9,46.1,58.2,4.3,1.8,2.12,160.0,63.0,2022,4
P.Mahomes,00-0033873,2023,Chiefs,839.0,86.9,45.0,45.0,87.8,-0.9,Fair Value,1.93,104.0,3.9,48.7,60.2,3.8,1.7,3.08,450.0,63.081905,2020,10
D.Carr,00-0031280,2023,Raiders,590.0,78.3,40.47416,40.47,83.7,-5.4,Fair Value,1.93,30.1,3.0,45.8,63.6,4.1,1.3,0.56,121.422481,24.9,2022,3
R.Tannehill,00-0029701,2023,Titans,268.0,67.6,29.5,29.5,73.5,-5.9,Fair Value,2.29,-19.5,1.0,40.3,55.6,1.4,2.5,0.42,118.0,62.0,2020,4
B.Young,00-0039150,2023,Panthers,620.0,59.4,9.488769,9.49,67.3,-7.9,Fair Value,6.26,-141.5,-1.4,37.1,50.8,1.7,1.6,-3.0,37.955074,37.955074,2023,4
J.Hurts,00-0036389,2023,Eagles,662.0,82.9,51.0,51.0,93.9,-11.0,Overpaid,1.63,56.2,4.1,45.8,56.9,3.1,1.9,1.99,255.0,110.0,2023,5
L.Jackson,00-0034796,2023,Ravens,636.0,81.9,52.0,52.0,95.9,-14.0,Overpaid,1.58,57.2,3.2,48.7,53.9,3.7,1.1,1.74,260.0,135.0,2023,5
R.Wilson,00-0029263,2023,Broncos,527.0,76.5,49.0,49.0,91.8,-15.3,Overpaid,1.56,-23.8,4.9,43.3,56.4,4.6,1.4,-0.2,245.0,124.0,2022,5
K.Murray,00-0035228,2023,Cardinals,305.0,72.9,46.1,46.1,89.8,-16.9,Overpaid,1.58,-4.5,-2.3,42.3,57.7,3.0,1.5,0.46,230.5,103.3,2022,5
J.Herbert,00-0036355,2023,Chargers,517.0,78.5,52.5,52.5,98.0,-19.5,Overpaid,1.5,26.6,-0.3,46.0,57.4,3.7,1.3,1.44,262.5,133.738375,2023,5
J.Burrow,00-0036442,2023,Bengals,402.0,76.8,55.0,55.0,100.0,-23.2,Severely Overpaid,1.4,3.5,1.2,47.3,60.7,3.6,1.4,0.72,275.0,146.51,2023,5
J.Hurts,00-0036389,2022,Eagles,637.0,83.1,1.506294,1.51,5.9,77.2,Excellent Value,55.17,87.0,2.9,46.0,57.1,3.2,0.8,3.96,6.025176,3.435816,2020,4
B.Purdy,00-0037834,2022,49ers,258.0,76.6,0.934253,0.93,0.0,76.6,Excellent Value,81.99,58.7,1.0,49.6,60.1,5.8,1.4,1.77,3.737012,0.077012,2022,4
G.Smith,00-0030565,2022,Seahawks,694.0,75.6,3.5,3.5,14.7,60.9,Excellent Value,21.6,31.3,5.9,49.1,61.1,4.4,1.6,1.03,3.5,0.5,2022,1
A.Dalton,00-0027973,2022,Saints,415.0,71.5,3.0,3.0,11.8,59.7,Excellent Value,23.83,7.7,0.6,49.2,60.7,4.1,2.1,-0.1,3.0,3.0,2022,1
D.Mills,00-0036898,2022,Texans,528.0,59.7,1.305525,1.31,2.9,56.8,Excellent Value,45.73,-70.2,-3.8,37.5,55.3,3.1,2.8,-1.67,5.2221,1.157892,2021,4
T.Heinicke,00-0031800,2022,Commanders,289.0,65.6,2.375,2.38,8.8,56.8,Excellent Value,27.62,-11.7,1.7,43.9,55.7,3.9,2.0,-0.31,4.75,1.5,2021,2
K.Pickett,00-0038102,2022,CLE/PIT/PHI/LV,445.0,70.6,3.516976,3.52,17.6,53.0,Excellent Value,20.07,-0.9,0.8,44.5,55.1,1.5,1.9,1.23,14.067904,14.067904,2022,4
J.Brissett,00-0033119,2022,Browns,414.0,72.9,4.65,4.65,23.5,49.4,Excellent Value,15.68,31.4,2.9,45.4,57.0,2.7,1.4,0.72,4.65,4.5,2022,1
D.Jones,00-0035710,2022,Giants,647.0,77.0,6.416014,6.42,29.4,47.6,Excellent Value,12.0,39.6,1.4,48.1,55.0,2.3,0.8,2.16,25.664056,25.664056,2019,4
M.Jones,00-0036972,2022,NE/JAX,498.0,64.6,3.896585,3.9,20.6,44.0,Excellent Value,16.58,-34.4,-0.4,39.8,57.8,2.7,2.1,-0.14,15.58634,15.58634,2021,4
J.Herbert,00-0036355,2022,Chargers,805.0,75.2,6.644689,6.64,32.4,42.8,Excellent Value,11.32,30.1,0.8,46.0,62.4,3.1,1.2,1.32,26.578754,26.578754,2020,4
T.Tagovailoa,00-0036212,2022,Dolphins,431.0,79.9,7.568859,7.57,38.2,41.7,Excellent Value,10.56,93.8,1.4,49.2,60.1,5.6,1.8,2.31,30.275436,30.275436,2020,4
J.Garoppolo,00-0031345,2022,49ers,329.0,76.2,7.0,7.0,35.3,40.9,Excellent Value,10.89,61.5,-1.0,49.8,62.9,4.6,1.1,0.98,7.0,6.5,2022,1
J.Fields,00-0036945,2022,PIT/CHI,443.0,65.9,4.717988,4.72,26.5,39.4,Excellent Value,13.97,-32.0,-2.5,40.9,43.3,3.2,2.0,-0.46,18.871952,18.871952,2021,4
J.Burrow,00-0036442,2022,Bengals,805.0,84.0,9.047534,9.05,47.1,36.9,Excellent Value,9.28,116.8,3.1,50.2,60.4,4.5,1.6,3.32,36.190136,36.190136,2020,4
T.Lawrence,00-0036971,2022,Jaguars,731.0,77.7,9.198372,9.2,50.0,27.7,Excellent Value,8.45,85.9,0.6,50.2,60.1,3.9,1.7,1.35,36.793486,36.793486,2021,4
K.Murray,00-0035228,2022,Cardinals,443.0,69.6,8.789661,8.79,44.1,25.5,Excellent Value,7.92,-1.9,-0.8,43.1,58.5,2.9,1.4,0.49,35.158644,35.158644,2019,4
Z.Wilson,00-0037013,2022,DEN/NYJ,278.0,59.0,8.787695,8.79,41.2,17.8,Good Value,6.71,-28.9,-5.6,38.5,47.5,2.0,2.4,-0.63,35.15068,35.15068,2021,4
J.Garoppolo,00-0031345,2022,49ers,329.0,76.2,27.5,27.5,58.8,17.4,Good Value,2.77,61.5,-1.0,49.8,62.9,4.6,1.1,0.98,137.5,48.7,2018,5
M.Mariota,00-0032268,2022,Falcons,353.0,68.4,9.375,9.38,52.9,15.5,Good Value,7.3,0.8,-0.6,47.0,52.1,3.6,2.2,0.39,18.75,6.75,2022,2
R.Tannehill,00-0029701,2022,Titans,371.0,72.4,29.5,29.5,61.8,10.6,Good Value,2.45,25.2,0.5,46.4,57.1,3.3,1.5,1.03,118.0,62.0,2020,4
J.Goff,00-0033106,2022,DET/LAR,625.0,78.8,33.5,33.5,70.6,8.2,Fair Value,2.35,97.9,-1.5,48.3,61.1,4.5,1.1,2.5,134.0,57.042682,2019,4
K.Cousins,00-0029604,2022,Vikings,741.0,78.3,35.0,35.0,73.5,4.8,Fair Value,2.24,40.9,2.0,48.4,61.4,4.1,1.8,2.81,35.0,70.0,2022,1
P.Mahomes,00-0033873,2022,Chiefs,834.0,96.0,45.0,45.0,91.2,4.8,Fair Value,2.13,245.0,4.1,54.1,60.8,5.6,1.4,7.3,450.0,63.081905,2020,10
B.Mayfield,00-0034855,2022,LAR/CAR,386.0,56.8,15.358,15.36,55.9,0.9,Fair Value,3.7,-54.5,-7.0,36.0,52.1,2.5,2.0,-1.7,15.358,15.358,2022,1
M.Ryan,00-0026143,2022,ATL/IND,512.0,65.5,30.0,30.0,64.7,0.8,Fair Value,2.18,-43.5,-0.1,43.6,60.4,2.6,2.5,0.74,150.0,94.5,2018,5
D.Prescott,00-0033077,2022,Cowboys,506.0,78.7,40.0,40.0,79.4,-0.7,Fair Value,1.97,56.1,0.5,50.0,61.1,5.2,3.1,1.48,160.0,95.0,2021,4
J.Allen,00-0034857,2022,Bills,746.0,83.7,43.0,43.0,88.2,-4.5,Fair Value,1.95,128.2,1.3,51.1,54.6,4.6,2.1,3.36,258.0,100.0,2021,6
C.Wentz,00-0032950,2022,PHI/WAS/IND,321.0,62.7,32.0,32.0,67.6,-4.9,Fair Value,1.96,-35.1,-3.8,39.6,53.6,3.3,2.7,-0.97,128.0,66.470683,2019,4
R.Wilson,00-0029263,2022,SEA/DEN,566.0,63.4,35.0,35.0,73.5,-10.1,Overpaid,1.81,-42.6,-1.2,37.8,51.6,2.7,1.9,-1.61,140.0,70.0,2019,4
M.Stafford,00-0026498,2022,Rams,337.0,65.7,40.0,40.0,79.4,-13.7,Overpaid,1.64,-27.9,-0.0,46.9,61.1,2.9,2.3,-0.4,160.0,63.0,2022,4
D.Carr,00-0031280,2022,Raiders,546.0,68.0,40.47416,40.47,85.3,-17.3,Overpaid,1.68,16.7,-2.9,41.6,55.9,4.3,2.5,0.34,121.422481,24.9,2022,3
K.Murray,00-0035228,2022,Cardinals,443.0,69.6,46.1,46.1,94.1,-24.5,Severely Overpaid,1.51,-1.9,-0.8,43.1,58.5,2.9,1.4,0.49,230.5,103.3,2022,5
A.Rodgers,00-0023459,2022,NYJ/GB,588.0,70.2,50.271667,50.27,100.0,-29.8,Severely Overpaid,1.4,-3.7,0.5,45.1,59.5,4.3,2.0,-0.54,150.815,101.415,2022,3
R.Wilson,00-0029263,2022,Broncos,566.0,63.4,49.0,49.0,97.1,-33.7,Severely Overpaid,1.29,-42.6,-1.2,37.8,51.6,2.7,1.9,-1.61,245.0,124.0,2022,5
J.Hurts,00-0036389,2021,Eagles,556.0,76.2,1.506294,1.51,7.9,68.3,Excellent Value,50.59,37.8,-0.6,44.8,51.8,2.6,1.7,0.92,6.025176,3.435816,2020,4
J.Allen,00-0034857,2021,Bills,744.0,89.9,5.295759,5.3,23.7,66.2,Excellent Value,16.98,149.4,2.2,51.5,57.1,4.9,1.8,2.67,21.183034,21.183034,2018,4
L.Jackson,00-0034796,2021,Ravens,470.0,75.2,2.367913,2.37,10.5,64.7,Excellent Value,31.76,26.8,0.7,48.9,52.3,2.9,2.3,1.52,9.471652,8.055062,2018,4
T.Huntley,00-0035993,2021,Ravens,230.0,64.2,0.763333,0.76,0.0,64.2,Excellent Value,84.1,-15.8,-1.1,42.6,53.0,1.2,1.6,-1.26,2.29,0.03,2020,3
D.Mills,00-0036898,2021,Texans,434.0,67.0,1.305525,1.31,5.3,61.7,Excellent Value,51.32,-55.0,-0.2,42.6,60.6,3.6,2.3,-0.67,5.2221,1.157892,2021,4
M.Jones,00-0036972,2021,NE/JAX,607.0,77.5,3.896585,3.9,15.8,61.7,Excellent Value,19.89,43.3,2.5,48.1,61.9,3.8,2.4,0.82,15.58634,15.58634,2021,4
T.Huntley,00-0035993,2021,Ravens,230.0,64.2,0.78,0.78,2.6,61.6,Excellent Value,82.31,-15.8,-1.1,42.6,53.0,1.2,1.6,-1.26,0.78,0.0,2021,1
J.Herbert,00-0036355,2021,Chargers,745.0,86.6,6.644689,6.64,28.9,57.7,Excellent Value,13.03,127.6,-0.6,50.3,59.5,4.9,1.9,4.95,26.578754,26.578754,2020,4
T.Heinicke,00-0031800,2021,Commanders,572.0,68.9,2.375,2.38,13.2,55.7,Excellent Value,29.01,-29.8,0.3,44.6,56.1,3.4,2.5,0.36,4.75,1.5,2021,2
J.Brissett,00-0033119,2021,Dolphins,257.0,68.5,5.0,5.0,21.1,47.4,Excellent Value,13.7,-21.5,-2.2,42.8,54.9,1.9,1.5,0.43,5.0,5.0,2021,1
J.Fields,00-0036945,2021,PIT/CHI,349.0,61.7,4.717988,4.72,18.4,43.3,Excellent Value,13.08,-43.0,-2.0,42.4,45.6,1.9,2.7,-0.3,18.871952,18.871952,2021,4
D.Jones,00-0035710,2021,Giants,406.0,69.6,6.416014,6.42,26.3,43.3,Excellent Value,10.85,-11.8,-0.8,42.4,57.1,2.2,1.6,0.75,25.664056,25.664056,2019,4
T.Tagovailoa,00-0036212,2021,Dolphins,427.0,77.2,7.568859,7.57,34.2,43.0,Excellent Value,10.2,27.1,1.9,48.9,61.6,3.5,2.2,1.91,30.275436,30.275436,2020,4
K.Murray,00-0035228,2021,Cardinals,580.0,79.9,8.789661,8.79,42.1,37.8,Excellent Value,9.09,56.1,2.9,49.3,60.7,3.8,1.9,1.48,35.158644,35.158644,2019,4
J.Burrow,00-0036442,2021,Bengals,757.0,82.3,9.047534,9.05,44.7,37.6,Excellent Value,9.1,110.5,5.9,48.2,61.2,5.0,2.0,4.74,36.190136,36.190136,2020,4
S.Darnold,00-0034869,2021,NYJ/CAR,465.0,60.3,7.561924,7.56,31.6,28.7,Excellent Value,7.97,-69.3,-4.9,41.7,52.3,1.8,2.7,-0.46,30.247694,30.247694,2018,4
B.Mayfield,00-0034855,2021,Browns,487.0,64.9,8.170745,8.17,36.8,28.1,Excellent Value,7.94,-8.1,-2.7,43.1,52.0,3.4,2.6,-1.17,32.68298,32.68298,2018,4
T.Bridgewater,00-0031237,2021,DEN/CAR,475.0,80.2,11.5,11.5,52.6,27.6,Excellent Value,6.97,56.7,3.9,47.8,60.0,3.7,1.4,0.92,11.5,10.0625,2021,1
T.Brady,00-0019596,2021,Buccaneers,848.0,86.1,25.0,25.0,60.5,25.6,Excellent Value,3.44,135.4,1.2,49.9,64.2,5.3,1.5,3.66,50.0,50.0,2020,2
T.Brady,00-0019596,2021,Buccaneers,848.0,86.1,25.0,25.0,60.5,25.6,Excellent Value,3.44,135.4,1.2,49.9,64.2,5.3,1.5,3.66,25.0,25.0,2021,1
T.Bridgewater,00-0031237,2021,Panthers,475.0,80.2,21.0,21.0,57.9,22.3,Excellent Value,3.82,56.7,3.9,47.8,60.0,3.7,1.4,0.92,63.0,33.0,2020,3
M.Stafford,00-0026498,2021,LAR/DET,794.0,89.4,27.0,27.0,68.4,21.0,Excellent Value,3.31,167.2,1.2,51.1,63.2,6.0,2.4,4.98,135.0,60.5,2017,5
T.Lawrence,00-0036971,2021,Jaguars,668.0,65.9,9.198372,9.2,47.4,18.5,Good Value,7.16,-59.9,-4.8,44.3,53.7,1.7,2.4,-1.4,36.793486,36.793486,2021,4
Z.Wilson,00-0037013,2021,DEN/NYJ,445.0,54.5,8.787695,8.79,39.5,15.0,Good Value,6.2,-86.1,-9.6,36.9,47.9,2.0,2.4,-1.16,35.15068,35.15068,2021,4
A.Dalton,00-0027973,2021,Bears,268.0,62.3,10.0,10.0,50.0,12.3,Good Value,6.23,-27.7,-4.2,43.3,55.6,2.9,3.3,0.18,10.0,7.0,2021,1
B.Roethlisberger,00-0022924,2021,Steelers,695.0,66.9,14.0,14.0,55.3,11.6,Good Value,4.78,-53.2,-2.3,39.7,60.3,3.4,1.4,-0.27,14.0,14.0,2021,1
D.Carr,00-0031280,2021,Raiders,740.0,75.3,25.005,25.0,65.8,9.5,Fair Value,3.01,29.9,1.6,45.9,61.8,3.1,2.0,3.09,125.025,40.0,2017,5
J.Garoppolo,00-0031345,2021,49ers,554.0,80.5,27.5,27.5,71.1,9.4,Fair Value,2.93,74.5,0.6,48.0,62.1,3.8,2.6,3.82,137.5,48.7,2018,5
R.Tannehill,00-0029701,2021,Titans,624.0,76.1,29.5,29.5,73.7,2.4,Fair Value,2.58,29.9,2.2,49.2,59.6,3.3,2.6,1.48,118.0,62.0,2020,4
A.Rodgers,00-0023459,2021,Packers,328.0,84.7,33.5,33.5,84.2,0.5,Fair Value,2.53,86.3,5.8,50.9,64.9,6.0,0.3,2.14,134.0,78.7,2018,4
K.Cousins,00-0029604,2021,Vikings,602.0,80.1,33.0,33.0,81.6,-1.5,Fair Value,2.43,66.0,1.4,45.3,61.8,5.4,1.1,3.11,66.0,61.0,2020,2
M.Ryan,00-0026143,2021,ATL/IND,618.0,73.1,30.0,30.0,76.3,-3.2,Fair Value,2.44,-20.5,1.8,46.0,60.7,3.1,1.9,0.85,150.0,94.5,2018,5
Aa.Rodgers,00-0023459,2021,Packers,281.0,80.2,33.5,33.5,84.2,-4.0,Fair Value,2.39,47.6,5.5,49.5,61.6,5.9,1.0,2.42,134.0,78.7,2018,4
P.Mahomes,00-0033873,2021,Chiefs,877.0,93.6,45.0,45.0,100.0,-6.4,Fair Value,2.08,200.4,3.2,53.4,59.9,5.3,1.8,5.89,450.0,63.081905,2020,10
J.Allen,00-0034857,2021,Bills,744.0,89.9,43.0,43.0,97.4,-7.5,Fair Value,2.09,149.4,2.2,51.5,57.1,4.9,1.8,2.67,258.0,100.0,2021,6
C.Wentz,00-0032950,2021,PHI/WAS/IND,578.0,71.3,32.0,32.0,78.9,-7.6,Fair Value,2.23,13.7,-2.1,44.8,55.7,4.4,1.1,0.13,128.0,66.470683,2019,4
D.Prescott,00-0033077,2021,Cowboys,701.0,82.3,40.0,40.0,94.7,-12.4,Overpaid,2.06,101.0,1.5,49.2,61.8,5.2,1.5,2.58,160.0,95.0,2021,4
J.Goff,00-0033106,2021,DET/LAR,540.0,68.3,33.5,33.5,84.2,-15.9,Overpaid,2.04,-32.4,0.6,45.4,61.5,3.5,1.5,0.43,134.0,57.042682,2019,4
R.Wilson,00-0029263,2021,SEA/DEN,458.0,75.1,35.0,35.0,92.1,-17.0,Overpaid,2.15,15.0,3.2,44.1,56.6,5.2,1.3,0.26,140.0,70.0,2019,4
P.Mahomes,00-0033873,2020,Chiefs,777.0,91.7,4.106491,4.11,18.4,73.3,Excellent Value,22.33,215.0,2.3,54.1,60.0,5.2,1.0,7.34,16.425962,16.425962,2017,4
G.Minshew II,00-0035289,2020,PHI/JAX,254.0,69.3,0.677904,0.68,0.0,69.3,Excellent Value,102.23,15.4,2.4,42.1,53.9,3.9,0.8,0.22,2.711616,0.191616,2019,4
J.Allen,00-0034857,2020,Bills,766.0,88.7,5.295759,5.3,21.1,67.6,Excellent Value,16.75,184.6,6.0,53.9,61.7,4.9,1.3,4.92,21.183034,21.183034,2018,4
D.Watson,00-0033537,2020,Texans,657.0,83.2,3.463621,3.46,15.8,67.4,Excellent Value,24.02,141.5,6.5,52.8,58.1,4.8,1.0,2.97,13.854482,13.854482,2017,4
L.Jackson,00-0034796,2020,Ravens,511.0,77.0,2.367913,2.37,10.5,66.5,Excellent Value,32.52,77.9,1.3,47.9,53.4,4.0,1.7,1.92,9.471652,8.055062,2018,4
N.Mullens,00-0033319,2020,49ers,349.0,66.8,0.75,0.75,2.6,64.2,Excellent Value,89.07,3.3,-2.6,47.3,60.5,3.4,3.4,-0.95,0.75,0.0,2020,1
C.Newton,00-0027939,2020,Patriots,418.0,67.1,1.75,1.75,5.3,61.8,Excellent Value,38.34,-11.7,-1.0,46.7,57.9,1.5,1.9,0.08,1.75,0.55,2020,1
R.Fitzpatrick,00-0023682,2020,Dolphins,297.0,78.4,5.5,5.5,23.7,54.7,Excellent Value,14.25,54.7,3.4,54.2,61.6,4.2,2.6,1.96,11.0,7.0,2019,2
D.Lock,00-0035704,2020,DEN/SEA,485.0,62.0,1.752705,1.75,7.9,54.1,Excellent Value,35.37,-42.7,-5.5,40.8,52.4,3.1,3.0,-0.56,7.01082,4.42745,2019,4
A.Dalton,00-0027973,2020,Cowboys,372.0,66.7,3.0,3.0,13.2,53.5,Excellent Value,22.23,-8.6,-0.4,46.8,58.1,3.6,2.1,-0.06,3.0,3.0,2020,1
J.Herbert,00-0036355,2020,Chargers,651.0,78.9,6.644689,6.64,28.9,50.0,Excellent Value,11.87,91.3,0.0,47.8,60.8,4.5,1.5,3.46,26.578754,26.578754,2020,4
M.Trubisky,00-0033869,2020,Bears,366.0,73.1,7.258109,7.26,31.6,41.5,Excellent Value,10.07,30.3,1.2,52.5,59.6,4.5,2.1,0.7,29.032436,29.032436,2017,4
B.Mayfield,00-0034855,2020,Browns,607.0,80.4,8.170745,8.17,42.1,38.3,Excellent Value,9.84,99.1,2.0,49.8,57.5,4.7,1.4,3.56,32.68298,32.68298,2018,4
D.Jones,00-0035710,2020,Giants,516.0,63.3,6.416014,6.42,26.3,37.0,Excellent Value,9.87,-24.6,-2.2,43.4,54.3,2.0,1.8,-0.99,25.664056,25.664056,2019,4
K.Murray,00-0035228,2020,Cardinals,629.0,77.7,8.789661,8.79,44.7,33.0,Excellent Value,8.84,48.7,2.2,49.1,59.6,3.6,1.7,2.56,35.158644,35.158644,2019,4
T.Tagovailoa,00-0036212,2020,Dolphins,326.0,65.5,7.568859,7.57,36.8,28.7,Excellent Value,8.65,-10.8,-1.2,45.7,57.1,3.2,1.4,0.2,30.275436,30.275436,2020,4
T.Brady,00-0019596,2020,Buccaneers,777.0,84.1,25.0,25.0,57.9,26.2,Excellent Value,3.36,159.5,2.4,49.2,62.0,6.1,1.8,4.37,50.0,50.0,2020,2
J.Burrow,00-0036442,2020,Bengals,449.0,71.5,9.047534,9.05,47.4,24.1,Excellent Value,7.9,30.7,2.1,46.8,58.8,2.8,1.1,1.45,36.190136,36.190136,2020,4
T.Bridgewater,00-0031237,2020,Panthers,560.0,73.3,21.0,21.0,50.0,23.3,Excellent Value,3.49,53.4,4.0,48.4,60.7,2.6,1.9,1.03,63.0,33.0,2020,3
S.Darnold,00-0034869,2020,NYJ/CAR,424.0,57.2,7.561924,7.56,34.2,23.0,Excellent Value,7.56,-74.5,-1.9,41.3,51.2,2.1,2.5,-1.39,30.247694,30.247694,2018,4
N.Foles,00-0029567,2020,Bears,333.0,62.1,8.0,8.0,39.5,22.6,Excellent Value,7.76,-44.6,1.7,39.9,60.7,2.9,2.3,-1.17,24.0,21.0,2020,3
P.Rivers,00-0022942,2020,Colts,609.0,79.0,25.0,25.0,57.9,21.1,Excellent Value,3.16,108.3,0.3,49.1,65.0,4.1,1.8,2.87,25.0,25.0,2020,1
D.Brees,00-0020531,2020,Saints,477.0,77.5,25.0,25.0,57.9,19.6,Good Value,3.1,49.6,0.4,48.8,67.5,5.4,1.8,2.36,50.0,25.0,2020,2
D.Carr,00-0031280,2020,Raiders,563.0,78.4,25.005,25.0,65.8,12.6,Good Value,3.14,52.6,2.6,49.4,61.8,4.7,1.6,3.87,125.025,40.0,2017,5
R.Tannehill,00-0029701,2020,Titans,555.0,85.5,29.5,29.5,73.7,11.8,Good Value,2.9,133.8,2.8,52.4,60.0,5.9,1.4,4.01,118.0,62.0,2020,4
N.Foles,00-0029567,2020,JAX/CHI,333.0,62.1,22.0,22.0,52.6,9.5,Fair Value,2.82,-44.6,1.7,39.9,60.7,2.9,2.3,-1.17,88.0,45.125,2019,4
K.Cousins,00-0029604,2020,Vikings,575.0,79.7,28.0,28.0,71.1,8.6,Fair Value,2.85,93.7,4.6,51.8,60.7,5.9,2.2,2.11,84.0,84.0,2018,3
A.Rodgers,00-0023459,2020,Packers,659.0,93.6,33.5,33.5,86.8,6.8,Fair Value,2.79,213.7,6.8,54.5,64.9,7.8,0.9,4.44,134.0,78.7,2018,4
M.Stafford,00-0026498,2020,LAR/DET,579.0,74.9,27.0,27.0,68.4,6.5,Fair Value,2.77,68.9,-1.0,48.9,58.5,4.4,1.7,1.74,135.0,60.5,2017,5
A.Smith,00-0023436,2020,Commanders,277.0,58.8,23.5,23.5,55.3,3.5,Fair Value,2.5,-38.0,-0.8,41.5,60.6,2.1,2.8,-1.64,94.0,55.0,2018,4
M.Ryan,00-0026143,2020,ATL/IND,685.0,74.3,30.0,30.0,76.3,-2.0,Fair Value,2.48,69.3,1.2,47.2,59.4,3.7,1.6,0.06,150.0,94.5,2018,5
D.Prescott,00-0033077,2020,Cowboys,241.0,76.7,31.409,31.41,78.9,-2.2,Fair Value,2.44,29.2,0.3,54.4,62.7,3.6,1.6,0.77,31.409,31.409,2020,1
K.Cousins,00-0029604,2020,Vikings,575.0,79.7,33.0,33.0,84.2,-4.5,Fair Value,2.42,93.7,4.6,51.8,60.7,5.9,2.2,2.11,66.0,61.0,2020,2
P.Mahomes,00-0033873,2020,Chiefs,777.0,91.7,45.0,45.0,100.0,-8.3,Fair Value,2.04,215.0,2.3,54.1,60.0,5.2,1.0,7.34,450.0,63.081905,2020,10
D.Watson,00-0033537,2020,Texans,657.0,83.2,39.0,39.0,97.4,-14.2,Overpaid,2.13,141.5,6.5,52.8,58.1,4.8,1.0,2.97,156.0,74.894247,2020,4
J.Goff,00-0033106,2020,DET/LAR,651.0,72.1,33.5,33.5,86.8,-14.7,Overpaid,2.15,12.8,0.9,47.9,61.4,3.2,1.9,1.09,134.0,57.042682,2019,4
B.Roethlisberger,00-0022924,2020,Steelers,699.0,76.8,34.0,34.0,92.1,-15.3,Overpaid,2.26,53.4,-0.5,47.4,63.8,5.1,1.9,0.75,68.0,37.5,2019,2
R.Wilson,00-0029263,2020,SEA/DEN,695.0,78.6,35.0,35.0,94.7,-16.1,Overpaid,2.25,74.2,5.8,49.1,56.8,5.8,1.9,2.22,140.0,70.0,2019,4
C.Wentz,00-0032950,2020,PHI/WAS/IND,514.0,57.9,32.0,32.0,81.6,-23.7,Severely Overpaid,1.81,-67.0,-3.5,39.5,48.8,2.9,2.7,-2.21,128.0,66.470683,2019,4
D.Prescott,00-0033077,2019,Cowboys,640.0,84.0,0.680848,0.68,11.8,72.2,Excellent Value,123.38,126.3,1.0,52.3,60.6,4.5,1.6,2.09,2.723392,0.383392,2016,4
L.Jackson,00-0034796,2019,Ravens,531.0,88.2,2.367913,2.37,20.6,67.6,Excellent Value,37.25,161.5,2.8,48.8,55.7,5.4,1.2,2.89,9.471652,8.055062,2018,4
P.Mahomes,00-0033873,2019,Chiefs,657.0,92.6,4.106491,4.11,26.5,66.1,Excellent Value,22.55,198.7,2.3,51.1,59.5,5.2,1.0,5.92,16.425962,16.425962,2017,4
K.Allen,00-0034577,2019,Panthers,555.0,64.1,0.4875,0.49,0.0,64.1,Excellent Value,131.49,-23.0,-1.0,47.0,54.6,3.0,2.8,-0.31,0.975,0.0,2018,2
K.Allen,00-0034577,2019,Panthers,555.0,64.1,0.581,0.58,2.9,61.2,Excellent Value,110.33,-23.0,-1.0,47.0,54.6,3.0,2.8,-0.31,1.713,0.003,2018,3
G.Minshew,00-0035289,2019,PHI/JAX,225.0,67.1,0.677904,0.68,5.9,61.2,Excellent Value,98.98,-1.2,-0.2,46.7,55.1,3.9,0.9,-0.11,2.711616,0.191616,2019,4
G.Minshew II,00-0035289,2019,PHI/JAX,332.0,64.2,0.677904,0.68,5.9,58.3,Excellent Value,94.7,-3.5,-6.5,40.4,48.5,3.5,1.2,1.14,2.711616,0.191616,2019,4
D.Watson,00-0033537,2019,Texans,679.0,80.8,3.463621,3.46,23.5,57.3,Excellent Value,23.33,94.3,2.1,48.5,56.6,4.0,1.6,3.66,13.854482,13.854482,2017,4
J.Brissett,00-0033119,2019,NE/IND,504.0,69.9,0.852708,0.85,14.7,55.2,Excellent Value,81.97,8.9,-3.3,45.0,54.0,3.4,1.1,0.66,3.410832,0.680604,2016,4
M.Rudolph,00-0034771,2019,Steelers,309.0,61.0,0.980467,0.98,17.6,43.4,Excellent Value,62.22,-30.8,-1.2,39.2,57.0,4.1,2.8,-0.95,3.921866,0.932264,2018,4
R.Fitzpatrick,00-0023682,2019,Dolphins,578.0,73.2,5.5,5.5,32.4,40.8,Excellent Value,13.31,24.4,-0.5,47.2,53.8,3.4,2.2,1.68,11.0,7.0,2019,2
R.Tannehill,00-0029701,2019,MIA/TEN,399.0,81.4,7.0,7.0,44.1,37.3,Excellent Value,11.63,76.9,6.4,53.1,59.4,6.2,1.6,2.14,7.0,6.75,2019,1
J.Allen,00-0034857,2019,Bills,489.0,65.7,5.295759,5.3,29.4,36.3,Excellent Value,12.41,-17.1,-3.3,42.3,48.7,2.9,1.6,0.14,21.183034,21.183034,2018,4
C.Wentz,00-0032950,2019,Eagles,678.0,73.2,6.669085,6.67,38.2,35.0,Excellent Value,10.98,20.0,-0.8,46.3,57.4,3.8,1.0,0.58,26.676338,26.676338,2016,4
J.Goff,00-0033106,2019,Rams,659.0,74.6,6.984418,6.98,41.2,33.4,Excellent Value,10.68,62.6,-1.8,46.4,59.8,3.2,2.3,1.46,27.937672,27.937672,2016,4
D.Jones,00-0035710,2019,Giants,527.0,66.0,6.416014,6.42,35.3,30.7,Excellent Value,10.29,-26.3,-1.9,41.9,53.9,4.4,2.2,-0.01,25.664056,25.664056,2019,4
M.Trubisky,00-0033869,2019,Bears,574.0,63.4,7.258109,7.26,47.1,16.3,Good Value,8.74,-31.3,-2.3,43.6,56.8,2.8,1.7,-0.88,29.032436,29.032436,2017,4
C.Keenum,00-0028986,2019,Commanders,265.0,64.4,7.5,7.5,50.0,14.4,Good Value,8.59,-8.0,-1.1,46.4,60.4,4.1,1.8,-0.21,7.5,7.5,2019,1
D.Brees,00-0020531,2019,Saints,423.0,83.5,25.0,25.0,70.6,12.9,Good Value,3.34,78.9,6.2,53.0,72.6,6.5,1.2,2.4,50.0,27.0,2018,2
S.Darnold,00-0034869,2019,NYJ/CAR,484.0,65.2,7.561924,7.56,52.9,12.3,Good Value,8.62,-9.2,1.0,42.8,56.4,3.7,2.6,-0.5,30.247694,30.247694,2018,4
B.Mayfield,00-0034855,2019,Browns,591.0,63.7,8.170745,8.17,55.9,7.8,Fair Value,7.8,-6.7,-3.0,42.5,53.6,3.7,3.5,-0.39,32.68298,32.68298,2018,4
D.Carr,00-0031280,2019,Raiders,555.0,81.2,25.005,25.0,73.5,7.7,Fair Value,3.25,84.1,5.7,49.5,65.0,3.7,1.4,2.93,125.025,40.0,2017,5
K.Murray,00-0035228,2019,Cardinals,617.0,65.8,8.789661,8.79,58.8,7.0,Fair Value,7.49,-6.1,-1.5,42.8,56.6,2.9,1.8,1.35,35.158644,35.158644,2019,4
M.Stafford,00-0026498,2019,LAR/DET,317.0,76.9,27.0,27.0,76.5,0.4,Fair Value,2.85,68.7,2.1,49.2,59.0,5.8,1.5,2.89,135.0,60.5,2017,5
A.Dalton,00-0027973,2019,Bengals,570.0,61.5,16.0,16.0,61.8,-0.3,Fair Value,3.84,-18.3,-3.3,42.6,55.1,2.7,2.4,-0.11,96.0,17.0,2014,6
C.Keenum,00-0028986,2019,Broncos,265.0,64.4,18.0,18.0,64.7,-0.3,Fair Value,3.58,-8.0,-1.1,46.4,60.4,4.1,1.8,-0.21,36.0,25.0,2018,2
T.Brady,00-0019596,2019,Patriots,682.0,66.2,23.0,23.0,67.6,-1.4,Fair Value,2.88,14.6,-2.5,41.9,57.6,3.4,1.3,-0.46,23.0,22.0,2019,1
J.Garoppolo,00-0031345,2019,49ers,589.0,77.8,27.5,27.5,79.4,-1.6,Fair Value,2.83,83.0,1.8,49.4,62.1,4.6,2.5,2.59,137.5,48.7,2018,5
K.Cousins,00-0029604,2019,Vikings,552.0,79.2,28.0,28.0,85.3,-6.1,Fair Value,2.83,72.6,3.8,46.2,62.9,4.9,1.2,2.26,84.0,84.0,2018,3
J.Brissett,00-0033119,2019,Colts,504.0,69.9,27.975,27.98,82.4,-12.5,Overpaid,2.5,8.9,-3.3,45.0,54.0,3.4,1.1,0.66,27.975,20.0,2019,1
M.Ryan,00-0026143,2019,ATL/IND,690.0,73.1,30.0,30.0,88.2,-15.1,Overpaid,2.44,28.3,1.8,46.8,59.1,3.7,2.0,1.39,150.0,94.5,2018,5
R.Wilson,00-0029263,2019,SEA/DEN,686.0,83.3,35.0,35.0,100.0,-16.7,Overpaid,2.38,108.4,7.1,49.9,55.4,4.6,0.7,3.41,140.0,70.0,2019,4
A.Rodgers,00-0023459,2019,Packers,705.0,77.2,33.5,33.5,94.1,-16.9,Overpaid,2.3,86.2,1.7,45.0,56.7,4.1,0.8,2.5,134.0,78.7,2018,4
C.Wentz,00-0032950,2019,PHI/WAS/IND,678.0,73.2,32.0,32.0,91.2,-18.0,Overpaid,2.29,20.0,-0.8,46.3,57.4,3.8,1.0,0.58,128.0,66.470683,2019,4
J.Goff,00-0033106,2019,DET/LAR,659.0,74.6,33.5,33.5,94.1,-19.5,Overpaid,2.23,62.6,-1.8,46.4,59.8,3.2,2.3,1.46,134.0,57.042682,2019,4
P.Mahomes,00-0033873,2018,Chiefs,717.0,93.5,4.106491,4.11,18.9,74.6,Excellent Value,22.77,231.3,3.7,51.2,59.4,7.0,1.6,5.3,16.425962,16.425962,2017,4
N.Mullens,00-0033319,2018,49ers,289.0,72.0,0.17,0.17,0.0,72.0,Excellent Value,423.53,31.8,1.9,46.7,60.9,4.2,3.3,0.17,0.17,0.0,2018,1
N.Mullens,00-0033319,2018,49ers,289.0,72.0,0.525,0.53,2.7,69.3,Excellent Value,137.14,31.8,1.9,46.7,60.9,4.2,3.3,0.17,1.05,0.0,2018,2
D.Prescott,00-0033077,2018,Cowboys,679.0,75.6,0.680848,0.68,8.1,67.5,Excellent Value,111.04,36.0,0.7,45.2,58.6,3.3,1.2,3.08,2.723392,0.383392,2016,4
N.Mullens,00-0033319,2018,49ers,289.0,72.0,0.555667,0.56,5.4,66.6,Excellent Value,129.57,31.8,1.9,46.7,60.9,4.2,3.3,0.17,1.667,0.02,2017,3
R.Fitzpatrick,00-0023682,2018,Buccaneers,284.0,77.5,3.3,3.3,13.5,64.0,Excellent Value,23.48,48.1,5.2,50.4,57.7,5.7,4.0,0.97,3.3,1.3,2018,1
D.Watson,00-0033537,2018,Texans,677.0,78.4,3.463621,3.46,16.2,62.2,Excellent Value,22.64,61.1,3.3,48.6,55.2,3.7,1.4,2.59,13.854482,13.854482,2017,4
L.Jackson,00-0034796,2018,Ravens,241.0,67.4,2.367913,2.37,10.8,56.6,Excellent Value,28.46,-4.0,-6.7,45.2,46.9,2.1,1.1,-0.05,9.471652,8.055062,2018,4
N.Foles,00-0029567,2018,Eagles,277.0,77.6,5.5,5.5,27.0,50.6,Excellent Value,14.11,20.7,2.9,45.1,66.4,3.5,2.8,1.22,11.0,7.0,2017,2
J.Winston,00-0031503,2018,Buccaneers,443.0,78.7,6.337819,6.34,32.4,46.3,Excellent Value,12.42,59.3,2.2,49.7,55.1,4.2,3.1,0.82,25.351277,25.351277,2015,4
J.Allen,00-0034857,2018,Bills,395.0,68.2,5.295759,5.3,24.3,43.9,Excellent Value,12.88,-8.9,-6.9,41.5,42.5,2.3,2.7,-0.3,21.183034,21.183034,2018,4
M.Mariota,00-0032268,2018,Titans,408.0,72.8,6.053494,6.05,29.7,43.1,Excellent Value,12.03,18.4,3.4,46.6,55.9,2.5,1.8,1.5,24.213974,24.213974,2015,4
J.Goff,00-0033106,2018,Rams,727.0,80.5,6.984418,6.98,37.8,42.7,Excellent Value,11.53,114.5,0.0,49.9,58.2,4.4,1.9,3.13,27.937672,27.937672,2016,4
M.Trubisky,00-0033869,2018,Bears,544.0,82.9,7.258109,7.26,40.5,42.4,Excellent Value,11.42,79.3,1.7,48.5,57.9,4.3,2.1,2.21,29.032436,29.032436,2017,4
C.Wentz,00-0032950,2018,Eagles,447.0,77.2,6.669085,6.67,35.1,42.1,Excellent Value,11.58,40.4,5.1,50.1,62.4,4.5,1.5,0.98,26.676338,26.676338,2016,4
J.Rosen,00-0034343,2018,ARI/MIA,452.0,55.3,4.39944,4.4,21.6,33.7,Excellent Value,12.57,-147.4,-8.2,36.3,48.0,2.4,3.0,-2.53,17.59776,17.59776,2018,4
N.Foles,00-0029567,2018,Eagles,277.0,77.6,14.5,14.5,48.6,29.0,Excellent Value,5.35,20.7,2.9,45.1,66.4,3.5,2.8,1.22,29.0,5.0,2018,2
B.Mayfield,00-0034855,2018,Browns,532.0,74.2,8.170745,8.17,45.9,28.3,Excellent Value,9.08,29.8,1.3,45.7,58.3,4.9,2.5,-0.16,32.68298,32.68298,2018,4
A.Dalton,00-0027973,2018,Bengals,396.0,75.5,16.0,16.0,51.4,24.1,Excellent Value,4.72,25.5,-3.0,47.5,57.1,5.3,2.8,1.68,96.0,17.0,2014,6
S.Darnold,00-0034869,2018,NYJ/CAR,459.0,66.8,7.561924,7.56,43.2,23.6,Excellent Value,8.83,-23.1,-4.6,42.0,52.1,3.5,3.1,-0.55,30.247694,30.247694,2018,4
P.Rivers,00-0022942,2018,Chargers,643.0,82.4,20.8125,20.81,67.6,14.8,Good Value,3.96,129.7,3.0,49.5,61.3,5.3,2.0,2.35,83.25,37.5,2015,4
B.Roethlisberger,00-0022924,2018,Steelers,713.0,86.6,21.85,21.85,73.0,13.6,Good Value,3.96,135.6,1.7,50.1,63.4,4.6,2.2,5.39,87.4,34.25,2015,4
C.Newton,00-0027939,2018,Panthers,527.0,77.8,20.76,20.76,64.9,12.9,Good Value,3.75,36.5,3.0,48.8,60.7,4.0,2.2,0.49,103.8,41.0,2015,5
C.Keenum,00-0028986,2018,Broncos,632.0,68.8,18.0,18.0,56.8,12.0,Good Value,3.82,-18.9,-1.3,43.5,57.8,2.8,2.3,-0.45,36.0,25.0,2018,2
B.Bortles,00-0031407,2018,Jaguars,475.0,65.8,17.4835,17.48,54.1,11.7,Good Value,3.76,-35.4,-6.9,42.3,51.2,2.6,2.2,-1.03,34.947,26.5,2018,2
J.Flacco,00-0026158,2018,Ravens,398.0,73.0,20.1,20.1,62.2,10.8,Good Value,3.63,14.1,-2.6,44.7,58.3,2.9,1.5,0.43,120.6,51.0,2013,6
R.Wilson,00-0029263,2018,Seahawks,529.0,80.8,21.9,21.9,75.7,5.1,Fair Value,3.69,88.9,7.1,47.1,56.3,6.3,1.2,2.58,87.6,31.7,2015,4
D.Brees,00-0020531,2018,Saints,593.0,91.1,25.0,25.0,86.5,4.6,Fair Value,3.64,155.4,6.0,54.5,70.5,5.8,1.1,4.21,50.0,27.0,2018,2
R.Tannehill,00-0029701,2018,Dolphins,315.0,63.5,19.25,19.25,59.5,4.0,Fair Value,3.3,-52.9,-0.9,41.0,55.9,5.0,2.6,-0.63,77.0,21.5,2015,4
E.Manning,00-0022803,2018,Giants,631.0,70.5,21.0,21.0,70.3,0.2,Fair Value,3.36,22.9,0.5,42.8,60.2,3.3,1.7,-0.29,84.0,36.5,2015,4
A.Luck,00-0029668,2018,Colts,757.0,82.4,24.594,24.59,83.8,-1.4,Fair Value,3.35,88.0,0.2,49.9,61.8,5.4,2.0,2.85,122.97,47.0,2016,5
J.Flacco,00-0026158,2018,BAL/DEN,398.0,73.0,22.133333,22.13,78.4,-5.4,Fair Value,3.3,14.1,-2.6,44.7,58.3,2.9,1.5,0.43,66.4,44.0,2016,3
A.Smith,00-0023436,2018,Commanders,370.0,70.0,23.5,23.5,81.1,-11.1,Overpaid,2.98,-8.6,-1.7,44.9,55.4,2.6,1.3,-0.04,94.0,55.0,2018,4
M.Ryan,00-0026143,2018,ATL/IND,672.0,84.0,30.0,30.0,97.3,-13.3,Overpaid,2.8,116.2,4.3,51.0,62.8,5.1,1.0,2.65,150.0,94.5,2018,5
D.Carr,00-0031280,2018,Raiders,606.0,73.5,25.005,25.0,89.2,-15.7,Overpaid,2.94,-0.7,3.8,47.7,62.9,3.1,1.6,1.88,125.025,40.0,2017,5
K.Cousins,00-0029604,2018,Vikings,665.0,73.8,28.0,28.0,94.6,-20.8,Severely Overpaid,2.64,-21.5,2.6,47.8,63.9,4.3,1.4,1.18,84.0,84.0,2018,3
A.Rodgers,00-0023459,2018,Packers,680.0,78.5,33.5,33.5,100.0,-21.5,Severely Overpaid,2.34,76.7,-0.6,46.6,54.7,3.6,0.3,2.15,134.0,78.7,2018,4
M.Stafford,00-0026498,2018,LAR/DET,610.0,70.1,27.0,27.0,91.9,-21.8,Severely Overpaid,2.6,0.7,-2.1,43.1,60.2,3.4,1.8,0.42,135.0,60.5,2017,5
D.Prescott,00-0033077,2017,Cowboys,555.0,73.0,0.680848,0.68,7.5,65.5,Excellent Value,107.22,-20.2,-0.2,43.1,55.5,3.8,2.2,0.44,2.723392,0.383392,2016,4
T.Siemian,00-0032156,2017,DEN/MIN,408.0,63.0,0.583196,0.58,0.0,63.0,Excellent Value,108.03,-55.1,-1.5,40.0,50.5,2.9,3.4,-1.06,2.332784,0.052784,2015,4
B.Hundley,00-0031589,2017,SEA/GB,367.0,64.3,0.625908,0.63,2.5,61.8,Excellent Value,102.73,-57.7,-3.0,40.6,52.3,2.4,3.1,-0.28,2.503632,0.223632,2015,4
T.Taylor,00-0028118,2017,Bills,549.0,73.2,1.116667,1.12,15.0,58.2,Excellent Value,65.55,11.0,0.2,41.5,51.0,2.3,0.8,0.57,3.35,1.15,2015,3
C.Keenum,00-0028986,2017,Vikings,616.0,81.8,2.0,2.0,25.0,56.8,Excellent Value,40.9,60.1,2.7,47.1,61.4,3.8,1.6,2.81,2.0,1.0,2017,1
T.Savage,00-0031064,2017,Texans,245.0,59.1,0.630146,0.63,5.0,54.1,Excellent Value,93.79,-49.4,-4.2,38.8,51.0,2.0,2.4,-1.25,2.520584,0.300584,2014,4
D.Carr,00-0031280,2017,Raiders,546.0,73.2,1.342951,1.34,20.0,53.2,Excellent Value,54.51,0.0,-0.3,43.4,59.2,3.9,2.3,0.36,5.371802,3.310937,2014,4
J.Brissett,00-0033119,2017,NE/IND,559.0,62.5,0.852708,0.85,10.0,52.5,Excellent Value,73.3,-46.7,-4.5,39.7,49.4,2.2,1.2,-2.14,3.410832,0.680604,2016,4
D.Watson,00-0033537,2017,Texans,242.0,78.6,3.463621,3.46,27.5,51.1,Excellent Value,22.69,38.7,2.3,47.5,52.1,7.3,3.1,1.5,13.854482,13.854482,2017,4
C.Beathard,00-0033936,2017,49ers,254.0,62.0,0.882162,0.88,12.5,49.5,Excellent Value,70.28,-49.2,-7.1,39.0,48.4,1.5,2.2,-0.89,3.528646,0.706288,2017,4
J.McCown,00-0021206,2017,Browns,446.0,75.5,4.666667,4.67,30.0,45.5,Excellent Value,16.18,19.6,5.5,45.1,59.9,3.8,1.9,-0.16,14.0,6.25,2015,3
B.Bortles,00-0031407,2017,Jaguars,670.0,76.8,5.163701,5.16,32.5,44.3,Excellent Value,14.87,55.3,-3.2,46.3,54.3,3.4,1.8,-0.4,20.654802,20.654802,2014,4
C.Wentz,00-0032950,2017,Eagles,501.0,86.8,6.669085,6.67,45.0,41.8,Excellent Value,13.02,104.9,0.4,47.9,52.9,6.2,1.3,2.48,26.676338,26.676338,2016,4
J.McCown,00-0021206,2017,Jets,446.0,75.5,6.0,6.0,35.0,40.5,Excellent Value,12.58,19.6,5.5,45.1,59.9,3.8,1.9,-0.16,6.0,6.0,2017,1
B.Hoyer,00-0026625,2017,Patriots,229.0,62.1,1.605,1.6,22.5,39.6,Excellent Value,38.69,-28.3,-6.3,38.4,53.7,1.7,1.7,-1.39,4.815,1.51,2017,3
D.Kizer,00-0033899,2017,CLE/GB/LV,558.0,56.3,1.237103,1.24,17.5,38.8,Excellent Value,45.51,-114.1,-6.3,35.7,45.7,1.9,3.7,-2.68,4.948412,2.893772,2017,4
J.Winston,00-0031503,2017,Buccaneers,497.0,80.1,6.337819,6.34,42.5,37.6,Excellent Value,12.64,41.9,4.9,50.9,56.7,3.7,2.2,1.36,25.351277,25.351277,2015,4
T.Brady,00-0019596,2017,Patriots,767.0,91.0,11.4,11.4,55.0,36.0,Excellent Value,7.98,183.5,3.5,50.7,61.8,5.1,1.0,4.97,57.0,33.0,2013,5
M.Mariota,00-0032268,2017,Titans,589.0,73.8,6.053494,6.05,40.0,33.8,Excellent Value,12.19,-4.4,0.8,43.5,54.8,2.7,2.5,0.72,24.213974,24.213974,2015,4
J.Goff,00-0033106,2017,Rams,558.0,77.9,6.984418,6.98,47.5,30.4,Excellent Value,11.15,76.4,-1.7,43.9,57.3,5.0,1.2,0.47,27.937672,27.937672,2016,4
B.Hoyer,00-0026625,2017,49ers,229.0,62.1,6.0,6.0,35.0,27.1,Excellent Value,10.35,-28.3,-6.3,38.4,53.7,1.7,1.7,-1.39,12.0,9.85,2017,2
A.Smith,00-0023436,2017,Chiefs,612.0,85.6,17.0,17.0,62.5,23.1,Excellent Value,5.04,110.9,5.3,47.9,59.6,4.4,0.8,2.73,68.0,19.0,2014,4
T.Brady,00-0019596,2017,Patriots,767.0,91.0,20.5,20.5,72.5,18.5,Good Value,4.44,183.5,3.5,50.7,61.8,5.1,1.0,4.97,41.0,28.0,2016,2
T.Taylor,00-0028118,2017,BUF/CLE,549.0,73.2,15.25,15.25,57.5,15.7,Good Value,4.8,11.0,0.2,41.5,51.0,2.3,0.8,0.57,30.5,15.5,2017,2
J.Cutler,00-0024226,2017,Dolphins,455.0,67.8,10.0,10.0,52.5,15.3,Good Value,6.78,-42.5,-0.4,42.0,58.5,4.1,3.0,-1.0,10.0,5.0,2017,1
M.Trubisky,00-0033869,2017,Bears,381.0,63.3,7.258109,7.26,50.0,13.3,Good Value,8.72,-38.4,-5.4,39.6,51.4,1.7,1.7,-1.2,29.032436,29.032436,2017,4
T.Taylor,00-0028118,2017,Bills,549.0,73.2,18.0,18.0,65.0,8.2,Fair Value,4.07,11.0,0.2,41.5,51.0,2.3,0.8,0.57,90.0,9.5,2016,5
A.Dalton,00-0027973,2017,Bengals,545.0,66.9,16.0,16.0,60.0,6.9,Fair Value,4.18,-42.9,-1.7,40.9,54.5,4.4,2.1,-0.24,96.0,17.0,2014,6
M.Ryan,00-0026143,2017,Falcons,641.0,81.9,20.75,20.75,75.0,6.9,Fair Value,3.95,90.3,2.8,48.7,60.1,3.3,1.8,1.65,103.75,42.0,2013,5
P.Rivers,00-0022942,2017,Chargers,594.0,83.8,20.8125,20.81,80.0,3.8,Fair Value,4.03,109.2,1.0,48.0,60.6,4.6,1.6,2.45,83.25,37.5,2015,4
B.Roethlisberger,00-0022924,2017,Steelers,654.0,87.0,21.85,21.85,85.0,2.0,Fair Value,3.98,109.0,2.8,50.2,60.9,4.9,2.2,2.86,87.4,34.25,2015,4
J.Cutler,00-0024226,2017,Bears,455.0,67.8,18.1,18.1,67.5,0.3,Fair Value,3.75,-42.5,-0.4,42.0,58.5,4.1,3.0,-1.0,126.7,38.0,2014,7
C.Newton,00-0027939,2017,Panthers,604.0,74.9,20.76,20.76,77.5,-2.6,Fair Value,3.61,20.6,-2.1,43.2,52.2,3.3,2.2,1.18,103.8,41.0,2015,5
J.Flacco,00-0026158,2017,Ravens,580.0,66.8,20.1,20.1,70.0,-3.2,Fair Value,3.32,-54.0,-1.2,41.7,60.7,3.0,2.2,-2.19,120.6,51.0,2013,6
R.Wilson,00-0029263,2017,Seahawks,650.0,80.3,21.9,21.9,87.5,-7.2,Fair Value,3.67,42.5,4.6,46.2,52.2,4.9,1.6,1.79,87.6,31.7,2015,4
A.Rodgers,00-0023459,2017,Packers,277.0,78.1,22.0,22.0,90.0,-11.9,Overpaid,3.55,28.9,0.8,49.5,55.6,5.6,2.1,1.19,110.0,54.0,2013,5
E.Manning,00-0022803,2017,Giants,611.0,67.1,21.0,21.0,82.5,-15.4,Overpaid,3.2,-61.6,-3.6,43.4,57.6,3.1,2.1,-0.89,84.0,36.5,2015,4
K.Cousins,00-0029604,2017,Commanders,604.0,74.9,23.9436,23.94,95.0,-20.1,Severely Overpaid,3.13,6.6,0.8,44.9,57.5,4.3,2.1,1.29,23.9436,23.9436,2017,1
M.Stafford,00-0026498,2017,LAR/DET,632.0,76.2,27.0,27.0,100.0,-23.8,Severely Overpaid,2.82,38.7,0.6,45.6,58.7,4.5,1.6,1.07,135.0,60.5,2017,5
D.Carr,00-0031280,2017,Raiders,546.0,73.2,25.005,25.0,97.5,-24.3,Severely Overpaid,2.93,0.0,-0.3,43.4,59.2,3.9,2.3,0.36,125.025,40.0,2017,5
J.Flacco,00-0026158,2017,BAL/DEN,580.0,66.8,22.133333,22.13,92.5,-25.7,Severely Overpaid,3.02,-54.0,-1.2,41.7,60.7,3.0,2.2,-2.19,66.4,44.0,2016,3
D.Prescott,00-0033077,2016,Cowboys,552.0,87.1,0.680848,0.68,2.8,84.3,Excellent Value,127.93,134.5,4.3,52.7,60.7,4.5,0.9,3.26,2.723392,0.383392,2016,4
D.Carr,00-0031280,2016,Raiders,596.0,82.9,1.342951,1.34,8.3,74.6,Excellent Value,61.73,81.3,-0.0,45.8,59.9,4.5,1.0,3.8,5.371802,3.310937,2014,4
T.Taylor,00-0028118,2016,Bills,527.0,78.1,1.116667,1.12,5.6,72.5,Excellent Value,69.94,57.7,2.2,45.0,51.0,3.0,1.0,0.67,3.35,1.15,2015,3
T.Siemian,00-0032156,2016,DEN/MIN,531.0,71.6,0.583196,0.58,0.0,71.6,Excellent Value,122.77,-8.8,-0.5,43.9,54.4,3.3,1.8,0.6,2.332784,0.052784,2015,4
M.Mariota,00-0032268,2016,Titans,498.0,80.1,6.053494,6.05,13.9,66.2,Excellent Value,13.23,58.1,1.4,47.0,55.4,4.9,1.7,0.35,24.213974,24.213974,2015,4
T.Brady,00-0019596,2016,Patriots,611.0,90.7,11.4,11.4,27.8,62.9,Excellent Value,7.96,171.9,3.5,49.9,62.8,5.5,0.8,3.94,57.0,33.0,2013,5
J.Winston,00-0031503,2016,Buccaneers,635.0,78.4,6.337819,6.34,16.7,61.7,Excellent Value,12.37,67.8,1.7,49.0,54.3,4.2,2.7,1.6,25.351277,25.351277,2015,4
B.Bortles,00-0031407,2016,Jaguars,695.0,70.7,5.163701,5.16,11.1,59.6,Excellent Value,13.69,-22.9,-4.5,43.3,52.9,3.2,2.2,-1.74,20.654802,20.654802,2014,4
C.Wentz,00-0032950,2016,Eagles,660.0,73.0,6.669085,6.67,19.4,53.6,Excellent Value,10.95,24.3,-0.9,44.7,57.4,2.3,2.0,-0.65,26.676338,26.676338,2016,4
R.Fitzpatrick,00-0023682,2016,Bills,440.0,67.1,9.833333,9.83,25.0,42.1,Excellent Value,6.82,-29.1,-4.1,42.5,51.8,2.6,3.7,0.04,59.0,10.0,2011,6
A.Dalton,00-0027973,2016,Bengals,624.0,77.8,16.0,16.0,36.1,41.7,Excellent Value,4.86,59.4,2.8,48.4,58.3,2.8,1.2,1.57,96.0,17.0,2014,6
C.Kaepernick,00-0027974,2016,49ers,401.0,71.3,15.6,15.6,33.3,38.0,Excellent Value,4.57,4.0,-4.7,42.6,48.9,3.7,0.9,-0.41,31.2,13.275,2016,2
C.Palmer,00-0021429,2016,Cardinals,643.0,75.8,16.5,16.5,38.9,36.9,Excellent Value,4.59,23.6,0.4,47.3,56.6,4.0,2.1,1.71,49.5,14.235294,2014,3
R.Fitzpatrick,00-0023682,2016,Jets,440.0,67.1,12.0,12.0,30.6,36.5,Excellent Value,5.59,-29.1,-4.1,42.5,51.8,2.6,3.7,0.04,12.0,12.0,2016,1
A.Smith,00-0023436,2016,Chiefs,577.0,76.1,17.0,17.0,41.7,34.4,Excellent Value,4.48,48.6,1.7,45.9,60.3,2.6,1.5,1.41,68.0,19.0,2014,4
S.Bradford,00-0027854,2016,MIN/PHI,597.0,77.6,17.5,17.5,44.4,33.2,Excellent Value,4.43,39.4,4.5,47.6,66.2,3.3,0.8,0.56,35.0,22.0,2016,2
T.Taylor,00-0028118,2016,Bills,527.0,78.1,18.0,18.0,47.2,30.9,Excellent Value,4.34,57.7,2.2,45.0,51.0,3.0,1.0,0.67,90.0,9.5,2016,5
J.Goff,00-0033106,2016,Rams,233.0,52.5,6.984418,6.98,22.2,30.3,Excellent Value,7.52,-97.6,-10.9,30.5,48.1,2.1,2.9,-2.12,27.937672,27.937672,2016,4
K.Cousins,00-0029604,2016,Commanders,637.0,85.4,19.953,19.95,61.1,24.3,Excellent Value,4.28,110.0,5.0,52.4,63.7,3.8,1.8,4.06,19.953,19.953,2016,1
B.Osweiler,00-0029682,2016,Browns,622.0,69.7,18.0,18.0,47.2,22.5,Excellent Value,3.87,-49.9,-4.1,45.0,54.3,2.7,3.0,-0.2,72.0,37.0,2016,4
B.Osweiler,00-0029682,2016,Texans,622.0,69.7,18.0,18.0,47.2,22.5,Excellent Value,3.87,-49.9,-4.1,45.0,54.3,2.7,3.0,-0.2,72.0,37.0,2016,4
D.Brees,00-0020531,2016,Saints,698.0,85.6,20.0,20.0,63.9,21.7,Excellent Value,4.28,98.9,4.2,51.1,67.5,5.2,2.1,3.25,100.0,40.0,2012,5
T.Brady,00-0019596,2016,Patriots,611.0,90.7,20.5,20.5,69.4,21.3,Excellent Value,4.42,171.9,3.5,49.9,62.8,5.5,0.8,3.94,41.0,28.0,2016,2
M.Ryan,00-0026143,2016,Falcons,698.0,93.1,20.75,20.75,72.2,20.9,Excellent Value,4.49,231.1,7.1,54.4,63.5,6.5,1.0,4.38,103.75,42.0,2013,5
R.Tannehill,00-0029701,2016,Dolphins,432.0,75.9,19.25,19.25,58.3,17.6,Good Value,3.94,13.7,5.3,46.5,60.4,4.2,2.6,0.45,77.0,21.5,2015,4
C.Kaepernick,00-0027974,2016,49ers,401.0,71.3,19.0,19.0,55.6,15.7,Good Value,3.75,4.0,-4.7,42.6,48.9,3.7,0.9,-0.41,114.0,12.973766,2014,6
J.Flacco,00-0026158,2016,Ravens,711.0,71.3,20.1,20.1,66.7,4.6,Fair Value,3.55,-24.3,-0.2,43.3,61.3,2.8,2.1,-1.32,120.6,51.0,2013,6
A.Rodgers,00-0023459,2016,Packers,830.0,91.4,22.0,22.0,91.7,-0.3,Fair Value,4.15,195.7,3.4,49.2,58.0,5.7,1.0,4.08,110.0,54.0,2013,5
P.Rivers,00-0022942,2016,Chargers,621.0,73.9,20.8125,20.81,77.8,-3.9,Fair Value,3.55,39.5,0.2,45.4,56.2,5.2,3.3,0.04,83.25,37.5,2015,4
B.Roethlisberger,00-0022924,2016,Steelers,636.0,81.5,21.85,21.85,86.1,-4.6,Fair Value,3.73,91.2,2.0,48.3,61.6,4.9,2.6,2.8,87.4,34.25,2015,4
C.Palmer,00-0021429,2016,Cardinals,643.0,75.8,21.0,21.0,80.6,-4.8,Fair Value,3.61,23.6,0.4,47.3,56.6,4.0,2.1,1.71,21.0,11.65,2016,1
C.Newton,00-0027939,2016,Panthers,558.0,68.6,20.76,20.76,75.0,-6.4,Fair Value,3.3,-32.2,-5.5,41.0,48.4,3.0,2.2,-0.51,103.8,41.0,2015,5
R.Wilson,00-0029263,2016,Seahawks,693.0,79.9,21.9,21.9,88.9,-9.0,Fair Value,3.65,57.7,4.9,48.1,56.7,3.4,1.8,2.45,87.6,31.7,2015,4
E.Manning,00-0022803,2016,Giants,669.0,70.7,21.0,21.0,80.6,-9.9,Fair Value,3.37,-26.5,-2.1,44.1,59.8,3.9,2.5,0.16,84.0,36.5,2015,4
D.Brees,00-0020531,2016,Saints,698.0,85.6,24.25,24.25,97.2,-11.6,Overpaid,3.53,98.9,4.2,51.1,67.5,5.2,2.1,3.25,24.25,24.25,2016,1
A.Luck,00-0029668,2016,Colts,627.0,80.0,24.594,24.59,100.0,-20.0,Severely Overpaid,3.25,76.2,1.2,49.4,55.2,4.8,2.0,1.41,122.97,47.0,2016,5
J.Flacco,00-0026158,2016,BAL/DEN,711.0,71.3,22.133333,22.13,94.4,-23.1,Severely Overpaid,3.22,-24.3,-0.2,43.3,61.3,2.8,2.1,-1.32,66.4,44.0,2016,3
K.Cousins,00-0029604,2015,Commanders,628.0,86.1,0.643172,0.64,0.0,86.1,Excellent Value,133.87,82.4,5.2,47.9,65.0,4.6,1.7,2.59,2.572688,0.472688,2012,4
R.Wilson,00-0029263,2015,Seahawks,669.0,90.2,0.749194,0.75,4.4,85.8,Excellent Value,120.4,136.1,7.3,50.7,55.8,5.3,1.5,1.9,2.996774,0.619472,2012,4
T.Taylor,00-0028118,2015,Bills,466.0,79.5,1.116667,1.12,8.9,70.6,Excellent Value,71.19,66.0,3.0,43.1,51.9,3.8,1.1,1.01,3.35,1.15,2015,3
B.Osweiler,00-0029682,2015,Broncos,310.0,72.3,0.87917,0.88,6.7,65.6,Excellent Value,82.24,-4.2,-1.2,45.8,54.8,3.1,1.9,0.34,3.516678,0.997584,2012,4
D.Carr,00-0031280,2015,Raiders,622.0,74.5,1.342951,1.34,13.3,61.2,Excellent Value,55.47,-0.0,-2.8,43.2,56.3,5.0,2.0,-0.34,5.371802,3.310937,2014,4
R.Mallett,00-0028012,2015,Ravens,252.0,69.5,1.1225,1.12,11.1,58.4,Excellent Value,61.92,-16.2,-7.2,40.9,54.0,2.0,2.4,-0.38,2.245,0.0,2015,2
T.Bridgewater,00-0031237,2015,Vikings,546.0,73.3,1.712376,1.71,15.6,57.7,Excellent Value,42.81,5.9,3.2,41.4,56.6,2.5,1.6,0.26,6.849502,5.495479,2014,4
N.Foles,00-0029567,2015,Eagles,354.0,55.2,0.69213,0.69,2.2,53.0,Excellent Value,79.75,-99.9,-6.9,34.5,53.7,1.9,2.7,-2.05,2.76852,0.54352,2012,4
B.Gabbert,00-0027948,2015,49ers,330.0,69.2,2.0,2.0,17.8,51.4,Excellent Value,34.6,-25.5,-1.8,40.9,53.9,2.9,2.1,-0.27,4.0,0.5,2015,2
R.Fitzpatrick,00-0023682,2015,HOU/NYJ,612.0,82.1,3.625,3.63,33.3,48.8,Excellent Value,22.65,74.0,-1.5,44.8,54.7,4.8,2.3,1.89,7.25,4.0,2014,2
M.Cassel,00-0023662,2015,Bills,228.0,64.3,2.0,2.0,17.8,46.5,Excellent Value,32.15,-36.5,-4.6,42.1,52.2,2.2,3.0,-1.16,2.0,0.0,2015,1
M.Cassel,00-0023662,2015,Cowboys,228.0,64.3,2.0,2.0,17.8,46.5,Excellent Value,32.15,-36.5,-4.6,42.1,52.2,2.2,3.0,-1.16,2.0,0.0,2015,1
M.Hasselbeck,00-0007091,2015,Colts,278.0,70.2,3.0,3.0,26.7,43.5,Excellent Value,23.4,-6.0,-2.3,45.7,56.1,3.1,1.7,0.05,3.0,1.0,2015,1
J.Manziel,00-0031409,2015,Browns,266.0,67.4,2.062149,2.06,24.4,43.0,Excellent Value,32.68,-13.5,-2.6,39.8,48.5,2.5,1.8,-0.01,8.248596,7.707913,2014,4
R.Tannehill,00-0029701,2015,Dolphins,637.0,71.3,3.167128,3.17,28.9,42.4,Excellent Value,22.51,-2.7,0.9,41.9,57.0,3.6,1.8,-0.88,12.668512,12.668512,2012,4
J.McCown,00-0021206,2015,Browns,331.0,76.3,4.666667,4.67,35.6,40.7,Excellent Value,16.35,9.8,0.7,44.4,56.2,3.5,1.2,0.07,14.0,6.25,2015,3
J.McCown,00-0021206,2015,Buccaneers,331.0,76.3,5.0,5.0,37.8,38.5,Excellent Value,15.26,9.8,0.7,44.4,56.2,3.5,1.2,0.07,10.0,4.75,2014,2
R.Mallett,00-0028012,2015,Texans,252.0,69.5,3.5,3.5,31.1,38.4,Excellent Value,19.86,-16.2,-7.2,40.9,54.0,2.0,2.4,-0.38,7.0,0.0,2015,2
B.Bortles,00-0031407,2015,Jaguars,686.0,72.1,5.163701,5.16,40.0,32.1,Excellent Value,13.96,15.3,-3.0,44.6,51.7,4.9,2.5,-0.67,20.654802,20.654802,2014,4
T.Brady,00-0019596,2015,Patriots,772.0,85.0,11.4,11.4,55.6,29.4,Excellent Value,7.46,121.0,-1.1,45.7,59.2,4.8,1.1,1.98,57.0,33.0,2013,5
R.Fitzpatrick,00-0023682,2015,Bills,612.0,82.1,9.833333,9.83,53.3,28.8,Excellent Value,8.35,74.0,-1.5,44.8,54.7,4.8,2.3,1.89,59.0,10.0,2011,6
A.Dalton,00-0027973,2015,Bengals,433.0,88.8,16.0,16.0,60.0,28.8,Excellent Value,5.55,115.3,4.0,51.5,58.9,5.4,1.5,2.11,96.0,17.0,2014,6
B.Hoyer,00-0026625,2015,Texans,436.0,70.8,5.25,5.25,42.2,28.6,Excellent Value,13.49,-16.1,-3.2,45.0,54.8,4.2,2.5,-0.06,10.5,4.75,2015,2
C.Palmer,00-0021429,2015,Cardinals,650.0,90.7,16.5,16.5,62.2,28.5,Excellent Value,5.5,135.5,4.4,50.3,60.0,5.8,2.5,4.29,49.5,14.235294,2014,3
J.Winston,00-0031503,2015,Buccaneers,597.0,78.4,6.337819,6.34,51.1,27.3,Excellent Value,12.37,53.4,-0.0,46.7,52.3,3.6,2.4,0.06,25.351277,25.351277,2015,4
A.Luck,00-0029668,2015,Colts,333.0,72.2,5.527,5.53,46.7,25.5,Excellent Value,13.06,2.6,-4.2,42.0,48.6,4.4,3.5,-0.03,22.107998,22.107998,2012,4
M.Mariota,00-0032268,2015,Titans,421.0,73.9,6.053494,6.05,48.9,25.0,Excellent Value,12.21,7.8,0.8,45.8,54.6,4.3,2.3,-0.2,24.213974,24.213974,2015,4
M.Cassel,00-0023662,2015,MIN/BUF,228.0,64.3,5.25,5.25,42.2,22.1,Excellent Value,12.25,-36.5,-4.6,42.1,52.2,2.2,3.0,-1.16,10.5,5.65,2014,2
A.Smith,00-0023436,2015,Chiefs,655.0,79.2,17.0,17.0,64.4,14.8,Good Value,4.66,44.3,0.1,46.1,53.9,3.2,1.2,1.46,68.0,19.0,2014,4
M.Stafford,00-0026498,2015,Lions,663.0,79.1,17.666667,17.67,68.9,10.2,Good Value,4.48,17.9,0.6,48.4,60.0,4.7,1.9,1.78,53.0,33.5,2013,3
J.Cutler,00-0024226,2015,Bears,528.0,79.1,18.1,18.1,73.3,5.8,Fair Value,4.37,39.0,2.3,47.0,58.9,3.8,2.0,1.46,126.7,38.0,2014,7
D.Brees,00-0020531,2015,Saints,660.0,86.8,20.0,20.0,82.2,4.6,Fair Value,4.34,92.2,2.0,46.7,64.8,4.7,1.6,3.76,100.0,40.0,2012,5
C.Newton,00-0027939,2015,Panthers,656.0,87.4,20.76,20.76,88.9,-1.5,Fair Value,4.21,98.8,-0.3,47.6,53.2,4.8,1.5,3.27,103.8,41.0,2015,5
P.Manning,00-0010346,2015,Broncos,450.0,62.0,17.0,17.0,64.4,-2.4,Fair Value,3.65,-52.9,-3.4,39.6,55.3,2.4,3.9,-1.25,34.0,15.0,2015,2
N.Foles,00-0029567,2015,Rams,354.0,55.2,12.25,12.25,57.8,-2.6,Fair Value,4.51,-99.9,-6.9,34.5,53.7,1.9,2.7,-2.05,25.0,12.042,2015,2
M.Ryan,00-0026143,2015,Falcons,659.0,81.4,20.75,20.75,86.7,-5.3,Fair Value,3.92,73.5,0.2,50.2,61.8,3.1,2.3,1.11,103.75,42.0,2013,5
R.Wilson,00-0029263,2015,Seahawks,669.0,90.2,21.9,21.9,97.8,-7.6,Fair Value,4.12,136.1,7.3,50.7,55.8,5.3,1.5,1.9,87.6,31.7,2015,4
R.Tannehill,00-0029701,2015,Dolphins,637.0,71.3,19.25,19.25,80.0,-8.7,Fair Value,3.7,-2.7,0.9,41.9,57.0,3.6,1.8,-0.88,77.0,21.5,2015,4
P.Manning,00-0010346,2015,Colts,450.0,62.0,18.0,18.0,71.1,-9.1,Fair Value,3.44,-52.9,-3.4,39.6,55.3,2.4,3.9,-1.25,90.0,20.0,2011,5
P.Rivers,00-0022942,2015,Chargers,712.0,80.4,20.8125,20.81,91.1,-10.7,Overpaid,3.86,49.6,2.7,47.6,61.4,4.0,1.8,-0.09,83.25,37.5,2015,4
J.Flacco,00-0026158,2015,Ravens,429.0,73.1,20.1,20.1,84.4,-11.3,Overpaid,3.64,1.2,-0.2,46.9,62.0,3.2,2.7,-0.66,120.6,51.0,2013,6
B.Roethlisberger,00-0022924,2015,Steelers,575.0,84.2,21.85,21.85,95.6,-11.4,Overpaid,3.85,90.5,5.3,49.9,62.8,3.8,2.7,1.65,87.4,34.25,2015,4
C.Kaepernick,00-0027974,2015,49ers,298.0,63.4,19.0,19.0,75.6,-12.2,Overpaid,3.34,-17.4,-5.2,38.6,48.3,1.9,1.6,-0.29,114.0,12.973766,2014,6
E.Manning,00-0022803,2015,Giants,652.0,78.8,21.0,21.0,93.3,-14.5,Overpaid,3.75,50.4,-1.3,45.7,59.4,5.3,2.1,2.13,84.0,36.5,2015,4
P.Manning,00-0010346,2015,Broncos,450.0,62.0,19.2,19.2,77.8,-15.8,Overpaid,3.23,-52.9,-3.4,39.6,55.3,2.4,3.9,-1.25,96.0,18.0,2012,5
A.Rodgers,00-0023459,2015,Packers,748.0,76.4,22.0,22.0,100.0,-23.6,Severely Overpaid,3.47,26.9,-0.9,42.9,52.4,4.6,1.2,1.31,110.0,54.0,2013,5
R.Wilson,00-0029263,2014,Seahawks,634.0,80.5,0.749194,0.75,7.0,73.5,Excellent Value,107.45,80.0,3.5,43.5,51.4,3.7,1.7,3.06,2.996774,0.619472,2012,4
A.Davis,00-0028957,2014,Rams,317.0,69.3,0.481667,0.48,0.0,69.3,Excellent Value,143.88,-31.2,-1.0,47.0,56.8,3.7,2.8,-0.55,1.445,0.0175,2012,3
A.Davis,00-0028957,2014,Rams,317.0,69.3,0.57,0.57,2.3,67.0,Excellent Value,121.58,-31.2,-1.0,47.0,56.8,3.7,2.8,-0.55,0.57,0.0,2014,1
N.Foles,00-0029567,2014,Eagles,326.0,71.0,0.69213,0.69,4.7,66.3,Excellent Value,102.58,-4.9,-2.0,42.0,57.1,3.9,3.0,0.45,2.76852,0.54352,2012,4
C.Kaepernick,00-0027974,2014,49ers,578.0,72.4,1.281074,1.28,14.0,58.4,Excellent Value,56.52,19.9,-2.1,43.4,50.0,3.0,1.6,-0.24,5.124296,3.8,2011,4
A.Dalton,00-0027973,2014,Bengals,561.0,74.1,1.30355,1.3,16.3,57.8,Excellent Value,56.84,-21.3,0.0,44.4,58.3,3.1,2.8,1.11,5.214198,4.028171,2011,4
G.Smith,00-0030565,2014,Jets,428.0,67.1,1.254901,1.25,11.6,55.5,Excellent Value,53.47,-6.3,-2.5,41.8,51.2,2.9,2.9,-0.99,5.019603,3.068784,2013,4
B.Hoyer,00-0026625,2014,Browns,471.0,64.4,0.9825,0.98,9.3,55.1,Excellent Value,65.55,-6.0,-6.3,41.6,51.4,2.5,2.7,-0.3,1.965,0.25,2013,2
T.Bridgewater,00-0031237,2014,Vikings,470.0,75.3,1.712376,1.71,20.9,54.4,Excellent Value,43.97,17.2,0.0,45.3,55.1,2.9,2.5,0.84,6.849502,5.495479,2014,4
M.Sanchez,00-0026898,2014,Eagles,345.0,77.1,2.25,2.25,25.6,51.5,Excellent Value,34.27,32.9,0.3,49.0,57.4,3.8,3.0,1.06,2.25,1.5,2014,1
R.Tannehill,00-0029701,2014,Dolphins,642.0,77.0,3.167128,3.17,27.9,49.1,Excellent Value,24.31,19.2,2.2,48.4,61.1,3.9,1.7,0.86,12.668512,12.668512,2012,4
D.Carr,00-0031280,2014,Raiders,629.0,66.9,1.342951,1.34,18.6,48.3,Excellent Value,49.82,-74.4,-6.2,39.7,55.3,3.3,1.9,-1.0,5.371802,3.310937,2014,4
R.Fitzpatrick,00-0023682,2014,Titans,362.0,76.3,3.25,3.25,30.2,46.1,Excellent Value,23.48,32.8,0.3,47.5,54.4,4.5,2.1,0.08,6.5,3.25,2013,2
R.Fitzpatrick,00-0023682,2014,HOU/NYJ,362.0,76.3,3.625,3.63,34.9,41.4,Excellent Value,21.05,32.8,0.3,47.5,54.4,4.5,2.1,0.08,7.25,4.0,2014,2
S.Hill,00-0020679,2014,Rams,249.0,64.2,1.75,1.75,23.3,40.9,Excellent Value,36.69,-29.6,-2.4,45.4,58.2,3.1,2.7,-0.73,1.75,0.5,2014,1
K.Orton,00-0023541,2014,Cowboys,484.0,70.9,3.5,3.5,32.6,38.3,Excellent Value,20.26,-5.8,-1.0,44.0,59.3,3.6,2.0,-0.48,10.5,5.0,2012,3
A.Luck,00-0029668,2014,Colts,809.0,81.5,5.527,5.53,48.8,32.7,Excellent Value,14.75,100.1,0.4,46.6,55.6,5.1,2.4,0.9,22.107998,22.107998,2012,4
T.Brady,00-0019596,2014,Patriots,754.0,89.3,11.4,11.4,60.5,28.8,Excellent Value,7.83,150.6,2.3,49.6,61.8,5.4,1.6,3.17,57.0,33.0,2013,5
J.McCown,00-0021206,2014,Buccaneers,378.0,64.7,5.0,5.0,37.2,27.5,Excellent Value,12.94,-34.4,-2.3,41.8,48.7,2.9,3.6,-1.88,10.0,4.75,2014,2
C.Newton,00-0027939,2014,Panthers,589.0,73.5,5.506375,5.51,46.5,27.0,Excellent Value,13.35,-6.3,-2.6,45.3,51.4,3.2,2.2,0.69,22.025498,22.025498,2011,4
K.Orton,00-0023541,2014,Bills,484.0,70.9,5.5,5.5,44.2,26.7,Excellent Value,12.89,-5.8,-1.0,44.0,59.3,3.6,2.0,-0.48,11.0,3.0,2014,2
A.Smith,00-0023436,2014,SF/KC,546.0,76.9,8.0,8.0,51.2,25.7,Excellent Value,9.61,55.7,-1.3,46.2,55.5,3.2,1.1,0.55,24.0,9.0,2012,3
C.Palmer,00-0021429,2014,Cardinals,238.0,79.0,8.5,8.5,53.5,25.5,Excellent Value,9.29,32.1,0.3,42.9,59.2,4.5,1.2,1.33,17.0,10.0,2013,2
R.Griffin,00-0029665,2014,Commanders,265.0,62.9,5.279775,5.28,41.9,21.0,Excellent Value,11.91,-44.6,3.0,40.0,55.5,1.4,2.1,-1.08,21.119098,21.119098,2012,5
C.Palmer,00-0021429,2014,Raiders,238.0,79.0,10.75,10.75,58.1,20.9,Excellent Value,7.35,32.1,0.3,42.9,59.2,4.5,1.2,1.33,43.0,5.0,2011,4
R.Fitzpatrick,00-0023682,2014,Bills,362.0,76.3,9.833333,9.83,55.8,20.5,Excellent Value,7.76,32.8,0.3,47.5,54.4,4.5,2.1,0.08,59.0,10.0,2011,6
B.Bortles,00-0031407,2014,Jaguars,552.0,56.3,5.163701,5.16,39.5,16.8,Good Value,10.9,-107.2,-6.8,38.8,50.7,1.9,2.9,-3.01,20.654802,20.654802,2014,4
P.Rivers,00-0022942,2014,Chargers,625.0,83.3,15.3,15.3,67.4,15.9,Good Value,5.44,75.9,4.9,48.6,60.6,4.8,2.8,2.37,91.8,33.35,2009,6
M.Stafford,00-0026498,2014,Lions,709.0,75.2,12.0,12.0,62.8,12.4,Good Value,6.27,42.6,-4.5,44.9,55.1,3.1,1.8,1.75,72.0,17.05,2009,6
M.Sanchez,00-0026898,2014,Jets,345.0,77.1,13.491667,13.49,65.1,12.0,Good Value,5.71,32.9,0.3,49.0,57.4,3.8,3.0,1.06,40.475,11.25,2012,3
T.Romo,00-0021678,2014,Cowboys,533.0,91.8,18.0,18.0,81.4,10.4,Good Value,5.1,146.0,6.3,52.2,63.4,6.9,1.6,3.8,108.0,40.0,2013,6
E.Manning,00-0022803,2014,Giants,634.0,78.5,16.25,16.25,72.1,6.4,Fair Value,4.83,44.0,0.8,45.4,59.8,4.7,2.2,2.11,97.5,20.5,2009,6
C.Palmer,00-0021429,2014,Cardinals,238.0,79.0,16.5,16.5,74.4,4.6,Fair Value,4.79,32.1,0.3,42.9,59.2,4.5,1.2,1.33,49.5,14.235294,2014,3
A.Dalton,00-0027973,2014,Bengals,561.0,74.1,16.0,16.0,69.8,4.3,Fair Value,4.63,-21.3,0.0,44.4,58.3,3.1,2.8,1.11,96.0,17.0,2014,6
P.Manning,00-0010346,2014,Colts,662.0,85.1,18.0,18.0,81.4,3.7,Fair Value,4.73,102.1,2.8,48.9,63.6,5.8,2.2,2.64,90.0,20.0,2011,5
A.Smith,00-0023436,2014,Chiefs,546.0,76.9,17.0,17.0,76.7,0.2,Fair Value,4.52,55.7,-1.3,46.2,55.5,3.2,1.1,0.55,68.0,19.0,2014,4
M.Stafford,00-0026498,2014,Lions,709.0,75.2,17.666667,17.67,79.1,-3.9,Fair Value,4.26,42.6,-4.5,44.9,55.1,3.1,1.8,1.75,53.0,33.5,2013,3
P.Manning,00-0010346,2014,Broncos,662.0,85.1,19.2,19.2,90.7,-5.6,Fair Value,4.43,102.1,2.8,48.9,63.6,5.8,2.2,2.64,96.0,18.0,2012,5
A.Rodgers,00-0023459,2014,Packers,650.0,93.7,22.0,22.0,100.0,-6.3,Fair Value,4.26,192.6,2.7,52.6,59.1,6.3,1.0,4.42,110.0,54.0,2013,5
D.Brees,00-0020531,2014,Saints,697.0,83.2,20.0,20.0,93.0,-9.8,Fair Value,4.16,76.5,3.4,50.4,65.4,4.6,2.4,1.37,100.0,40.0,2012,5
J.Cutler,00-0024226,2014,Bears,622.0,73.3,18.1,18.1,86.0,-12.7,Overpaid,4.05,-27.3,0.3,46.0,59.5,4.4,2.8,0.18,126.7,38.0,2014,7
J.Flacco,00-0026158,2014,Ravens,654.0,81.0,20.1,20.1,95.3,-14.3,Overpaid,4.03,85.2,-0.3,48.2,59.6,4.8,2.0,1.21,120.6,51.0,2013,6
M.Ryan,00-0026143,2014,Falcons,679.0,82.2,20.75,20.75,97.7,-15.5,Overpaid,3.96,60.5,1.4,49.5,61.1,4.1,2.0,1.75,103.75,42.0,2013,5
C.Kaepernick,00-0027974,2014,49ers,578.0,72.4,19.0,19.0,88.4,-16.0,Overpaid,3.81,19.9,-2.1,43.4,50.0,3.0,1.6,-0.24,114.0,12.973766,2014,6
N.Foles,00-0029567,2013,Eagles,403.0,79.3,0.69213,0.69,4.5,74.8,Excellent Value,114.57,109.5,5.5,47.1,56.1,6.5,0.5,1.47,2.76852,0.54352,2012,4
J.McCown,00-0021206,2013,Bears,244.0,85.1,0.865,0.86,11.4,73.7,Excellent Value,98.38,85.7,4.9,54.1,61.1,5.2,0.4,2.47,0.865,0.125,2013,1
R.Wilson,00-0029263,2013,Seahawks,582.0,77.3,0.749194,0.75,6.8,70.5,Excellent Value,103.18,98.6,5.7,47.9,51.5,4.6,1.4,1.66,2.996774,0.619472,2012,4
C.Keenum,00-0028986,2013,HOU/LAR,274.0,60.9,0.45,0.45,0.0,60.9,Excellent Value,135.33,-31.8,-5.7,40.9,50.0,3.2,2.1,-1.41,0.9,0.0,2013,2
C.Keenum,00-0028986,2013,Texans,274.0,60.9,0.484,0.48,2.3,58.6,Excellent Value,125.83,-31.8,-5.7,40.9,50.0,3.2,2.1,-1.41,1.452,0.012,2012,3
C.Kaepernick,00-0027974,2013,49ers,595.0,75.6,1.281074,1.28,18.2,57.4,Excellent Value,59.01,88.5,-1.6,44.7,48.4,3.6,1.7,2.37,5.124296,3.8,2011,4
A.Dalton,00-0027973,2013,Bengals,695.0,72.9,1.30355,1.3,20.5,52.4,Excellent Value,55.92,37.5,1.1,46.0,56.4,4.6,3.0,0.53,5.214198,4.028171,2011,4
M.Glennon,00-0030520,2013,Buccaneers,467.0,61.0,0.776016,0.78,9.1,51.9,Excellent Value,78.61,-31.1,-0.1,40.3,52.9,3.9,1.9,-1.16,3.104063,0.6375,2013,4
G.Smith,00-0030565,2013,Jets,516.0,61.6,1.254901,1.25,15.9,45.7,Excellent Value,49.09,-51.0,-4.2,41.1,47.9,2.2,3.8,-0.53,5.019603,3.068784,2013,4
M.Flynn,00-0026349,2013,Packers,239.0,59.1,0.896875,0.9,13.6,45.5,Excellent Value,65.9,-29.1,0.2,40.2,51.9,3.2,2.0,-1.17,1.79375,0.0,2013,2
J.Campbell,00-0023460,2013,Browns,344.0,62.1,1.875,1.88,22.7,39.4,Excellent Value,33.12,-24.1,-4.3,40.1,52.3,3.2,2.3,-0.44,3.75,0.5,2013,2
R.Fitzpatrick,00-0023682,2013,Titans,397.0,72.8,3.25,3.25,34.1,38.7,Excellent Value,22.4,44.5,1.0,44.6,54.7,3.4,2.9,0.82,6.5,3.25,2013,2
E.Manuel,00-0030526,2013,Bills,360.0,62.8,2.221325,2.22,27.3,35.5,Excellent Value,28.27,-44.5,-2.5,42.5,50.0,2.8,2.3,-0.6,8.8853,8.8853,2013,4
R.Tannehill,00-0029701,2013,Dolphins,657.0,67.2,3.167128,3.17,31.8,35.4,Excellent Value,21.22,3.9,0.1,44.0,54.0,3.5,2.5,-0.78,12.668512,12.668512,2012,4
C.Ponder,00-0027950,2013,Vikings,291.0,64.6,2.539675,2.54,29.5,35.1,Excellent Value,25.44,-12.3,1.1,43.3,52.2,2.3,3.0,-0.26,10.158698,10.158698,2011,4
C.Newton,00-0027939,2013,Panthers,584.0,75.9,5.506375,5.51,43.2,32.7,Excellent Value,13.78,65.9,1.0,46.4,52.7,3.8,2.3,1.58,22.025498,22.025498,2011,4
B.Weeden,00-0029677,2013,Browns,301.0,56.9,2.020899,2.02,25.0,31.9,Excellent Value,28.16,-40.8,-4.1,37.5,46.8,2.9,2.9,-1.25,8.083596,7.511288,2012,4
A.Luck,00-0029668,2013,Colts,745.0,74.6,5.527,5.53,45.5,29.1,Excellent Value,13.5,61.2,-1.4,46.2,52.6,3.8,2.1,1.13,22.107998,22.107998,2012,4
C.Henne,00-0026197,2013,Jaguars,553.0,62.7,3.375,3.38,36.4,26.3,Excellent Value,18.58,-44.6,-2.4,42.5,55.2,2.3,2.5,-0.89,6.75,4.075,2012,2
R.Griffin,00-0029665,2013,Commanders,531.0,66.6,5.279775,5.28,40.9,25.7,Excellent Value,12.61,3.8,-1.4,43.9,51.6,2.7,2.1,-0.45,21.119098,21.119098,2012,5
M.Cassel,00-0023662,2013,Vikings,282.0,62.7,3.7,3.7,38.6,24.1,Excellent Value,16.95,-14.1,-2.1,41.8,54.3,3.8,3.1,0.47,3.7,2.0,2013,1
A.Smith,00-0023436,2013,SF/KC,638.0,72.4,8.0,8.0,52.3,20.1,Excellent Value,9.05,48.8,-1.7,44.7,53.0,4.0,1.0,0.34,24.0,9.0,2012,3
R.Fitzpatrick,00-0023682,2013,Bills,397.0,72.8,9.833333,9.83,56.8,16.0,Good Value,7.4,44.5,1.0,44.6,54.7,3.4,2.9,0.82,59.0,10.0,2011,6
C.Palmer,00-0021429,2013,Cardinals,619.0,66.6,8.5,8.5,54.5,12.1,Good Value,7.84,-0.5,3.7,44.7,58.5,3.7,3.4,-0.33,17.0,10.0,2013,2
P.Rivers,00-0022942,2013,Chargers,639.0,86.9,15.3,15.3,75.0,11.9,Good Value,5.68,174.8,8.0,52.3,63.8,5.4,1.7,3.67,91.8,33.35,2009,6
M.Flynn,00-0026349,2013,Raiders,239.0,59.1,5.75,5.75,47.7,11.4,Good Value,10.28,-29.1,0.2,40.2,51.9,3.2,2.0,-1.17,11.5,6.5,2013,2
P.Manning,00-0010346,2013,Colts,807.0,94.4,18.0,18.0,84.1,10.3,Good Value,5.24,264.0,6.5,55.3,67.0,7.1,1.5,4.8,90.0,20.0,2011,5
M.Flynn,00-0026349,2013,Seahawks,239.0,59.1,6.5,6.5,50.0,9.1,Fair Value,9.09,-29.1,0.2,40.2,51.9,3.2,2.0,-1.17,19.5,10.0,2012,3
M.Ryan,00-0026143,2013,Falcons,702.0,70.6,11.25,11.25,63.6,7.0,Fair Value,6.28,26.9,2.8,46.4,62.5,3.7,2.4,-1.04,67.5,34.75,2008,6
T.Brady,00-0019596,2013,Patriots,737.0,72.4,11.4,11.4,65.9,6.5,Fair Value,6.35,87.5,-1.5,47.2,56.6,3.4,1.4,0.41,57.0,33.0,2013,5
M.Stafford,00-0026498,2013,Lions,670.0,74.3,12.0,12.0,68.2,6.1,Fair Value,6.19,47.7,-3.3,46.1,55.4,4.2,2.7,0.9,72.0,17.05,2009,6
C.Palmer,00-0021429,2013,Raiders,619.0,66.6,10.75,10.75,61.4,5.2,Fair Value,6.2,-0.5,3.7,44.7,58.5,3.7,3.4,-0.33,43.0,5.0,2011,4
M.Cassel,00-0023662,2013,Chiefs,282.0,62.7,10.5,10.5,59.1,3.6,Fair Value,5.97,-14.1,-2.1,41.8,54.3,3.8,3.1,0.47,63.0,27.75,2009,6
P.Manning,00-0010346,2013,Broncos,807.0,94.4,19.2,19.2,90.9,3.5,Fair Value,4.92,264.0,6.5,55.3,67.0,7.1,1.5,4.8,96.0,18.0,2012,5
B.Roethlisberger,00-0022924,2013,Steelers,635.0,73.0,14.664417,14.66,72.7,0.3,Fair Value,4.98,55.1,3.0,47.4,59.1,4.3,2.2,0.28,87.9865,33.2,2008,6
S.Bradford,00-0027854,2013,Rams,284.0,65.3,13.0,13.0,70.5,-5.2,Fair Value,5.02,-19.7,-3.5,45.1,56.0,4.8,1.4,-0.21,78.0,50.0,2010,5
M.Stafford,00-0026498,2013,Lions,670.0,74.3,17.666667,17.67,81.8,-7.5,Fair Value,4.21,47.7,-3.3,46.1,55.4,4.2,2.7,0.9,53.0,33.5,2013,3
D.Brees,00-0020531,2013,Saints,774.0,84.1,20.0,20.0,93.2,-9.1,Fair Value,4.21,160.4,4.7,50.6,63.3,5.1,1.7,3.23,100.0,40.0,2012,5
T.Brady,00-0019596,2013,Patriots,737.0,72.4,18.0,18.0,84.1,-11.7,Overpaid,4.02,87.5,-1.5,47.2,56.6,3.4,1.4,0.41,72.0,18.3,2010,4
T.Romo,00-0021678,2013,Cowboys,579.0,71.7,18.0,18.0,84.1,-12.4,Overpaid,3.98,45.2,0.2,47.2,59.1,5.2,1.7,0.54,108.0,40.0,2013,6
M.Schaub,00-0022787,2013,Texans,383.0,59.5,15.5,15.5,77.3,-17.8,Overpaid,3.84,-44.3,-1.7,41.5,57.2,2.6,3.6,-2.25,62.0,24.25,2012,4
A.Rodgers,00-0023459,2013,Packers,358.0,81.8,22.0,22.0,100.0,-18.2,Overpaid,3.72,104.2,6.2,52.2,58.7,4.8,1.6,2.3,110.0,54.0,2013,5
E.Manning,00-0022803,2013,Giants,596.0,59.7,16.25,16.25,79.5,-19.8,Overpaid,3.67,-59.4,-2.8,42.8,53.2,3.0,4.4,-1.35,97.5,20.5,2009,6
M.Ryan,00-0026143,2013,Falcons,702.0,70.6,20.75,20.75,97.7,-27.1,Severely Overpaid,3.4,26.9,2.8,46.4,62.5,3.7,2.4,-1.04,103.75,42.0,2013,5
J.Flacco,00-0026158,2013,Ravens,678.0,64.9,20.1,20.1,95.5,-30.6,Severely Overpaid,3.23,-16.1,-1.1,40.1,53.4,2.8,3.2,0.62,120.6,51.0,2013,6
R.Wilson,00-0029263,2012,Seahawks,554.0,85.6,0.749194,0.75,2.8,82.8,Excellent Value,114.26,121.9,5.1,50.2,52.5,4.8,1.8,2.82,2.996774,0.619472,2012,4
C.Kaepernick,00-0027974,2012,49ers,352.0,82.5,1.281074,1.28,5.6,76.9,Excellent Value,64.4,75.7,4.1,49.1,52.6,3.4,1.2,1.48,5.124296,3.8,2011,4
N.Foles,00-0029567,2012,Eagles,293.0,67.2,0.69213,0.69,0.0,67.2,Excellent Value,97.09,-22.4,0.2,39.6,54.9,2.0,1.7,-0.54,2.76852,0.54352,2012,4
A.Dalton,00-0027973,2012,Bengals,625.0,69.7,1.30355,1.3,8.3,61.4,Excellent Value,53.47,-21.9,0.7,44.0,54.9,4.1,2.6,-0.54,5.214198,4.028171,2011,4
C.Ponder,00-0027950,2012,Vikings,555.0,71.7,2.539675,2.54,13.9,57.8,Excellent Value,28.23,-3.3,-2.4,42.9,54.1,3.1,2.1,0.43,10.158698,10.158698,2011,4
J.Freeman,00-0026993,2012,Buccaneers,605.0,72.9,2.7,2.7,16.7,56.2,Excellent Value,27.0,30.6,-4.2,41.8,50.6,4.3,2.7,0.93,13.5,9.54,2009,5
B.Weeden,00-0029677,2012,Browns,558.0,65.9,2.020899,2.02,11.1,54.8,Excellent Value,32.61,-30.0,-4.7,41.2,53.2,2.5,3.0,-1.95,8.083596,7.511288,2012,4
R.Griffin,00-0029665,2012,Commanders,481.0,85.1,5.279775,5.28,33.3,51.8,Excellent Value,16.12,101.7,3.5,47.2,55.7,3.9,1.1,2.77,21.119098,21.119098,2012,5
J.Flacco,00-0026158,2012,Ravens,704.0,76.7,4.76,4.76,30.6,46.1,Excellent Value,16.11,66.0,0.5,43.6,55.4,4.5,1.4,1.16,23.8,8.36,2008,5
B.Gabbert,00-0027948,2012,JAX/SF,313.0,65.0,3.000412,3.0,19.4,45.6,Excellent Value,21.66,-40.9,-5.2,40.3,51.8,2.8,1.9,-0.35,12.001646,12.001646,2011,4
R.Tannehill,00-0029701,2012,Dolphins,531.0,68.7,3.167128,3.17,25.0,43.7,Excellent Value,21.69,-26.9,-3.4,43.7,53.1,2.1,2.3,-0.62,12.668512,12.668512,2012,4
J.Locker,00-0027946,2012,Titans,369.0,65.6,3.146501,3.15,22.2,43.4,Excellent Value,20.85,-11.9,-3.7,38.5,48.0,2.6,2.9,-0.21,12.586002,12.586002,2011,4
C.Newton,00-0027939,2012,Panthers,554.0,78.0,5.506375,5.51,36.1,41.9,Excellent Value,14.17,78.2,-1.6,44.9,50.5,2.9,1.9,1.28,22.025498,22.025498,2011,4
A.Luck,00-0029668,2012,Colts,756.0,77.4,5.527,5.53,38.9,38.5,Excellent Value,14.0,36.3,-4.7,45.9,48.5,2.9,2.4,3.05,22.107998,22.107998,2012,4
M.Schaub,00-0022787,2012,Texans,664.0,82.2,8.0,8.0,44.4,37.8,Excellent Value,10.28,85.4,0.9,47.9,62.2,3.5,2.0,2.89,48.0,7.0,2007,6
A.Smith,00-0023436,2012,SF/KC,255.0,79.4,8.0,8.0,44.4,35.0,Excellent Value,9.93,37.4,5.2,51.0,60.0,4.8,1.8,0.9,24.0,9.0,2012,3
C.Henne,00-0026197,2012,Jaguars,345.0,62.4,3.375,3.38,27.8,34.6,Excellent Value,18.49,-44.9,-4.9,40.0,48.1,3.1,3.1,-0.58,6.75,4.075,2012,2
M.Ryan,00-0026143,2012,Falcons,744.0,92.0,11.25,11.25,61.1,30.9,Excellent Value,8.18,171.6,6.1,53.0,64.0,5.0,2.2,3.37,67.5,34.75,2008,6
M.Hasselbeck,00-0007091,2012,Titans,242.0,72.0,6.666667,6.67,41.7,30.3,Excellent Value,10.8,-27.5,-1.1,43.0,57.0,2.8,2.0,0.17,20.0,6.0,2011,3
T.Romo,00-0021678,2012,Cowboys,692.0,81.3,11.25,11.25,61.1,20.2,Excellent Value,7.23,80.3,2.7,50.9,61.4,3.9,2.7,1.64,67.5,11.5,2007,6
A.Rodgers,00-0023459,2012,Packers,718.0,88.5,12.704,12.7,69.4,19.1,Good Value,6.97,141.1,5.9,50.8,58.5,5.7,1.2,3.28,63.52,20.0,2008,5
R.Fitzpatrick,00-0023682,2012,Bills,564.0,71.5,9.833333,9.83,52.8,18.7,Good Value,7.27,-5.4,-1.5,42.2,54.3,4.1,2.8,-0.76,59.0,10.0,2011,6
C.Palmer,00-0021429,2012,Raiders,594.0,74.0,10.75,10.75,58.3,15.7,Good Value,6.88,9.3,-0.4,44.9,58.1,3.6,2.3,-0.24,43.0,5.0,2011,4
M.Cassel,00-0023662,2012,Chiefs,305.0,65.8,10.5,10.5,55.6,10.2,Good Value,6.27,-36.8,-1.9,43.6,52.8,1.9,3.8,-1.36,63.0,27.75,2009,6
M.Sanchez,00-0026898,2012,Jets,494.0,58.9,9.5,9.5,50.0,8.9,Fair Value,6.2,-84.3,-6.2,41.5,49.8,2.6,3.5,-3.47,47.5,13.9975,2009,5
M.Stafford,00-0026498,2012,Lions,772.0,75.3,12.0,12.0,66.7,8.6,Fair Value,6.27,14.0,-2.5,47.3,56.3,2.5,2.2,-0.27,72.0,17.05,2009,6
B.Roethlisberger,00-0022924,2012,Steelers,487.0,82.5,14.664417,14.66,77.8,4.7,Fair Value,5.63,67.5,2.5,49.9,58.3,5.2,1.6,2.0,87.9865,33.2,2008,6
S.Bradford,00-0027854,2012,Rams,601.0,73.7,13.0,13.0,72.2,1.5,Fair Value,5.67,6.4,-2.1,45.8,54.6,3.4,2.1,0.89,78.0,50.0,2010,5
T.Brady,00-0019596,2012,Patriots,761.0,92.3,18.0,18.0,91.7,0.6,Fair Value,5.13,200.3,1.1,53.6,59.8,4.9,1.3,3.98,72.0,18.3,2010,4
P.Manning,00-0010346,2012,Colts,653.0,91.6,18.0,18.0,91.7,-0.1,Fair Value,5.09,157.2,7.0,53.1,65.5,6.0,1.9,3.65,90.0,20.0,2011,5
M.Schaub,00-0022787,2012,Texans,664.0,82.2,15.5,15.5,83.3,-1.1,Fair Value,5.3,85.4,0.9,47.9,62.2,3.5,2.0,2.89,62.0,24.25,2012,4
P.Manning,00-0010346,2012,Broncos,653.0,91.6,19.2,19.2,97.2,-5.6,Fair Value,4.77,157.2,7.0,53.1,65.5,6.0,1.9,3.65,96.0,18.0,2012,5
E.Manning,00-0022803,2012,Giants,564.0,79.4,16.25,16.25,88.9,-9.5,Fair Value,4.89,56.9,0.7,48.2,56.9,4.5,2.6,1.85,97.5,20.5,2009,6
P.Rivers,00-0022942,2012,Chargers,584.0,70.3,15.3,15.3,80.6,-10.3,Overpaid,4.59,-6.5,2.9,44.5,57.9,4.3,2.5,-1.29,91.8,33.35,2009,6
D.Brees,00-0020531,2012,Saints,696.0,85.1,20.0,20.0,100.0,-14.9,Overpaid,4.25,98.4,1.0,50.3,60.6,6.1,2.7,2.16,100.0,40.0,2012,5
M.Vick,00-0020245,2012,Eagles,416.0,70.5,16.0,16.0,86.1,-15.6,Overpaid,4.41,6.9,0.2,43.8,49.0,2.7,2.3,-0.95,80.0,32.5,2011,5
M.Sanchez,00-0026898,2012,Jets,494.0,58.9,13.491667,13.49,75.0,-16.1,Overpaid,4.37,-84.3,-6.2,41.5,49.8,2.6,3.5,-3.47,40.475,11.25,2012,3
C.McCoy,00-0027688,2011,Browns,533.0,68.9,0.63525,0.64,0.0,68.9,Excellent Value,108.46,-27.7,-3.7,41.7,49.7,2.5,2.0,-1.13,2.541,0.751,2010,4
A.Dalton,00-0027973,2011,Bengals,612.0,70.2,1.30355,1.3,3.7,66.5,Excellent Value,53.85,-15.6,-1.4,42.6,53.4,3.2,2.6,-1.27,5.214198,4.028171,2011,4
M.Moore,00-0025708,2011,Dolphins,395.0,67.9,2.5125,2.51,7.4,60.5,Excellent Value,27.02,-11.2,2.9,39.7,53.2,3.8,2.2,-0.73,5.025,1.5,2011,2
J.Freeman,00-0026993,2011,Buccaneers,607.0,70.0,2.7,2.7,14.8,55.2,Excellent Value,25.93,-53.2,-1.0,45.5,57.0,2.5,3.5,-0.96,13.5,9.54,2009,5
R.Fitzpatrick,00-0023682,2011,Bills,614.0,72.7,2.75,2.75,18.5,54.2,Excellent Value,26.44,-8.3,1.1,44.8,57.5,3.7,3.6,-0.23,8.25,1.17,2009,3
C.Ponder,00-0027950,2011,Vikings,342.0,65.2,2.539675,2.54,11.1,54.1,Excellent Value,25.67,-43.8,-6.9,38.9,46.2,3.7,3.7,-1.07,10.158698,10.158698,2011,4
Alex Smith,00-0023436,2011,49ers,534.0,71.5,4.0,4.0,25.9,45.6,Excellent Value,17.88,29.0,-2.3,41.8,51.9,3.6,0.7,0.95,4.0,4.0,2011,1
J.Flacco,00-0026158,2011,Ravens,657.0,75.1,4.76,4.76,29.6,45.5,Excellent Value,15.78,43.6,-1.6,43.1,53.0,3.5,1.9,1.14,23.8,8.36,2008,5
C.Newton,00-0027939,2011,Panthers,599.0,76.3,5.506375,5.51,33.3,43.0,Excellent Value,13.86,47.1,-0.4,44.7,51.8,3.1,2.5,0.8,22.025498,22.025498,2011,4
B.Gabbert,00-0027948,2011,JAX/SF,473.0,57.2,3.000412,3.0,22.2,35.0,Excellent Value,19.06,-107.2,-10.9,33.6,44.4,2.4,2.2,-3.03,12.001646,12.001646,2011,4
M.Schaub,00-0022787,2011,Texans,311.0,77.5,8.0,8.0,44.4,33.1,Excellent Value,9.69,64.6,-0.1,48.9,57.2,4.7,1.9,1.17,48.0,7.0,2007,6
M.Hasselbeck,00-0007091,2011,Titans,543.0,73.7,6.666667,6.67,40.7,33.0,Excellent Value,11.05,-4.5,-1.0,43.3,58.7,3.2,2.5,0.24,20.0,6.0,2011,3
J.Cutler,00-0024226,2011,Broncos,344.0,69.3,5.685417,5.69,37.0,32.3,Excellent Value,12.19,-1.3,-1.1,43.0,52.9,3.7,2.0,0.37,34.1125,11.05,2006,6
R.Fitzpatrick,00-0023682,2011,Bills,614.0,72.7,9.833333,9.83,51.9,20.8,Excellent Value,7.39,-8.3,1.1,44.8,57.5,3.7,3.6,-0.23,59.0,10.0,2011,6
T.Romo,00-0021678,2011,Cowboys,562.0,81.0,11.25,11.25,63.0,18.0,Good Value,7.2,85.6,4.4,48.6,61.6,5.4,1.7,2.76,67.5,11.5,2007,6
M.Sanchez,00-0026898,2011,Jets,596.0,64.8,9.5,9.5,48.1,16.7,Good Value,6.82,-64.7,-3.9,40.1,51.7,4.2,2.9,-2.16,47.5,13.9975,2009,5
A.Rodgers,00-0023459,2011,Packers,633.0,94.3,12.704,12.7,77.8,16.5,Good Value,7.42,238.4,7.4,53.1,58.1,7.2,1.1,4.76,63.52,20.0,2008,5
M.Ryan,00-0026143,2011,Falcons,645.0,79.2,11.25,11.25,63.0,16.2,Good Value,7.04,79.2,2.0,46.8,57.5,4.3,1.8,1.39,67.5,34.75,2008,6
M.Cassel,00-0023662,2011,Chiefs,308.0,69.7,10.5,10.5,55.6,14.1,Good Value,6.64,-19.1,-1.1,40.6,51.9,3.2,2.9,0.52,63.0,27.75,2009,6
C.Palmer,00-0021429,2011,Raiders,348.0,73.0,10.75,10.75,59.3,13.7,Good Value,6.79,24.2,2.8,48.3,57.2,3.6,4.5,1.1,43.0,5.0,2011,4
M.Stafford,00-0026498,2011,Lions,768.0,82.3,12.0,12.0,70.4,11.9,Good Value,6.86,99.9,1.5,49.3,59.4,5.6,2.3,2.97,72.0,17.05,2009,6
T.Brady,00-0019596,2011,Patriots,769.0,92.9,18.0,18.0,100.0,-7.1,Fair Value,5.16,236.0,4.3,55.8,61.9,5.8,2.0,5.48,72.0,18.3,2010,4
B.Roethlisberger,00-0022924,2011,Steelers,611.0,77.1,14.664417,14.66,85.2,-8.1,Fair Value,5.26,71.3,2.4,47.0,56.6,3.5,2.4,1.62,87.9865,33.2,2008,6
P.Rivers,00-0022942,2011,Chargers,619.0,80.8,15.3,15.3,88.9,-8.1,Fair Value,5.28,108.1,3.9,50.6,59.1,4.2,3.1,1.33,91.8,33.35,2009,6
K.Kolb,00-0025423,2011,Cardinals,291.0,64.0,12.4216,12.42,74.1,-10.1,Overpaid,5.15,-9.9,-4.9,40.5,50.2,3.0,2.7,-1.38,62.108,12.0,2011,5
M.Vick,00-0020245,2011,Eagles,492.0,77.5,16.0,16.0,92.6,-15.1,Overpaid,4.84,65.5,1.1,50.6,51.4,3.5,2.7,1.52,80.0,32.5,2011,5
E.Manning,00-0022803,2011,Giants,800.0,81.2,16.25,16.25,96.3,-15.1,Overpaid,5.0,130.4,2.1,47.6,58.1,4.6,2.0,2.83,97.5,20.5,2009,6
S.Bradford,00-0027854,2011,Rams,397.0,55.9,13.0,13.0,81.5,-25.6,Severely Overpaid,4.3,-85.2,-8.0,37.0,48.1,1.5,1.5,-2.78,78.0,50.0,2010,5
J.Freeman,00-0026993,2010,Buccaneers,542.0,86.7,2.7,2.7,13.3,73.4,Excellent Value,32.11,90.8,1.8,47.0,53.7,4.4,1.0,2.61,13.5,9.54,2009,5
C.McCoy,00-0027688,2010,Browns,260.0,72.7,0.63525,0.64,0.0,72.7,Excellent Value,114.44,-1.8,2.0,45.0,51.9,2.2,3.3,-0.58,2.541,0.751,2010,4
Sh.Hill,00-0020679,2010,49ers,436.0,77.0,2.0,2.0,6.7,70.3,Excellent Value,38.5,26.1,-2.0,46.1,58.0,3.6,2.5,-0.48,6.0,1.95,2008,3
C.Henne,00-0026197,2010,Dolphins,538.0,72.3,0.857525,0.86,3.3,69.0,Excellent Value,84.31,-6.8,-0.4,44.6,56.1,2.7,3.2,-1.49,3.4301,1.4251,2008,4
K.Orton,00-0023541,2010,Broncos,544.0,72.9,2.621,2.62,10.0,62.9,Excellent Value,27.81,27.7,-1.9,43.2,53.9,3.6,1.6,-0.59,2.621,0.0,2010,1
M.Vick,00-0020245,2010,Eagles,502.0,86.5,3.4375,3.44,26.7,59.8,Excellent Value,25.16,87.1,4.8,48.0,50.4,4.0,1.3,1.52,6.875,1.5,2009,2
R.Fitzpatrick,00-0023682,2010,Bills,490.0,73.9,2.75,2.75,16.7,57.2,Excellent Value,26.87,-8.2,-1.2,42.0,52.0,4.6,3.0,-0.24,8.25,1.17,2009,3
J.Campbell,00-0023460,2010,Commanders,385.0,74.8,3.14325,3.14,20.0,54.8,Excellent Value,23.8,17.7,-0.1,41.6,50.4,3.2,2.0,0.76,3.14325,0.0,2010,1
Sh.Hill,00-0020679,2010,Lions,436.0,77.0,3.586667,3.59,30.0,47.0,Excellent Value,21.47,26.1,-2.0,46.1,58.0,3.6,2.5,-0.48,10.76,1.09175,2010,3
A.Smith,00-0023436,2010,49ers,371.0,68.3,3.25,3.25,23.3,45.0,Excellent Value,21.02,-17.8,-2.2,39.9,55.0,3.7,2.6,-0.47,6.5,4.0,2009,2
J.Campbell,00-0023460,2010,Raiders,385.0,74.8,4.6,4.6,36.7,38.1,Excellent Value,16.26,17.7,-0.1,41.6,50.4,3.2,2.0,0.76,4.6,0.0,2010,1
J.Flacco,00-0026158,2010,Ravens,618.0,77.1,4.76,4.76,40.0,37.1,Excellent Value,16.2,50.4,2.6,43.0,56.1,4.3,1.7,0.73,23.8,8.36,2008,5
M.Schaub,00-0022787,2010,Texans,608.0,81.3,8.0,8.0,46.7,34.6,Excellent Value,10.16,79.3,0.6,47.2,60.0,3.8,1.9,1.12,48.0,7.0,2007,6
D.Brees,00-0020531,2010,Saints,743.0,88.7,10.0,10.0,60.0,28.7,Excellent Value,8.87,94.9,5.9,49.8,65.5,4.6,2.9,3.01,60.0,8.0,2006,5
J.Cutler,00-0024226,2010,Broncos,565.0,71.8,5.685417,5.69,43.3,28.5,Excellent Value,12.63,-7.4,0.7,43.9,49.9,4.2,2.9,-0.57,34.1125,11.05,2006,6
D.Anderson,00-0023645,2010,Cardinals,356.0,59.9,3.625,3.63,33.3,26.6,Excellent Value,16.52,-57.4,-8.2,39.3,47.5,2.0,2.8,-1.8,7.25,2.5,2010,2
K.Orton,00-0023541,2010,DEN/KC,544.0,72.9,8.379,8.38,53.3,19.6,Good Value,8.7,27.7,-1.9,43.2,53.9,3.6,1.6,-0.59,8.379,5.5,2010,1
M.Sanchez,00-0026898,2010,Jets,636.0,75.5,9.5,9.5,56.7,18.8,Good Value,7.95,12.3,-4.6,42.5,52.2,3.3,2.1,2.54,47.5,13.9975,2009,5
M.Ryan,00-0026143,2010,Falcons,607.0,85.4,11.25,11.25,66.7,18.7,Good Value,7.59,81.3,0.9,46.5,57.8,4.6,1.6,2.32,67.5,34.75,2008,6
A.Rodgers,00-0023459,2010,Packers,687.0,93.2,12.704,12.7,76.7,16.5,Good Value,7.34,160.1,6.2,51.4,58.5,5.1,1.8,3.0,63.52,20.0,2008,5
M.Cassel,00-0023662,2010,Chiefs,515.0,78.6,10.5,10.5,63.3,15.3,Good Value,7.49,49.3,-1.0,45.8,52.6,5.1,1.9,0.89,63.0,27.75,2009,6
D.Anderson,00-0023645,2010,Browns,356.0,59.9,8.0,8.0,46.7,13.2,Good Value,7.49,-57.4,-8.2,39.3,47.5,2.0,2.8,-1.8,24.0,7.0,2008,3
B.Roethlisberger,00-0022924,2010,Steelers,538.0,84.8,14.664417,14.66,86.7,-1.9,Fair Value,5.78,92.0,3.3,47.4,54.6,3.7,1.6,1.18,87.9865,33.2,2008,6
D.McNabb,00-0011022,2010,Eagles,523.0,69.3,12.1,12.1,73.3,-4.0,Fair Value,5.73,-26.2,-3.3,41.7,52.6,2.6,2.8,-0.07,24.2,15.5,2009,2
S.Bradford,00-0027854,2010,Eagles,637.0,65.9,12.0,12.0,70.0,-4.1,Fair Value,5.49,-52.8,-4.4,40.8,55.6,2.8,2.3,-1.63,78.0,50.0,2010,1
P.Rivers,00-0022942,2010,Chargers,591.0,87.6,15.3,15.3,93.3,-5.7,Fair Value,5.73,152.4,6.1,49.9,60.4,4.9,2.1,1.16,91.8,33.35,2009,6
T.Brady,00-0019596,2010,Patriots,572.0,90.5,18.0,18.0,100.0,-9.5,Fair Value,5.03,137.0,2.9,49.5,61.7,6.3,0.8,2.71,72.0,18.3,2010,4
J.Cutler,00-0024226,2010,Bears,565.0,71.8,14.45625,14.46,83.3,-11.5,Overpaid,4.97,-7.4,0.7,43.9,49.9,4.2,2.9,-0.57,28.912499,20.0,2009,2
S.Bradford,00-0027854,2010,Rams,637.0,65.9,13.0,13.0,80.0,-14.1,Overpaid,5.07,-52.8,-4.4,40.8,55.6,2.8,2.3,-1.63,78.0,50.0,2010,5
E.Manning,00-0022803,2010,Giants,564.0,78.7,16.25,16.25,96.7,-18.0,Overpaid,4.84,35.7,2.5,46.8,60.1,5.3,4.3,0.94,97.5,20.5,2009,6
D.McNabb,00-0011022,2010,Commanders,523.0,69.3,14.85,14.85,90.0,-20.7,Severely Overpaid,4.67,-26.2,-3.3,41.7,52.6,2.6,2.8,-0.07,74.25,5.0,2010,5
